ticker,open,high,low,close,volume,vwap,timestamp,transactions,sma_close_20
AAPL,252.23,253.5,250.75,252.2,35557542.0,252.2669,2024-12-30 05:00:00+00:00,421634,167.92309576861132
AAPL,269.81,275.91,269.8,275.25,46201578.0,274.0648,2025-11-11 05:00:00+00:00,702800,160.6613307966363
AAPL,269.99,270.71,265.32,267.44,45656607.0,267.7248,2025-11-18 05:00:00+00:00,706213,172.76097893859958
AAPL,262.65,262.85,255.43,258.45,45011970.0,258.6829,2025-10-22 04:00:00+00:00,687110,78.48140161253097
AAPL,264.88,269.12,264.6501,268.81,44888052.0,267.0053,2025-10-27 04:00:00+00:00,661981,203.9338619731611
AAPL,268.815,270.49,265.73,267.46,44958759.0,267.9843,2025-11-17 05:00:00+00:00,705038,-18.857157474526957
AAPL,197.72,200.05,194.6796,197.49,50478872.0,197.7519,2025-05-08 04:00:00+00:00,599001,154.26455144351365
AAPL,235.105,241.37,234.76,239.07,46250710.0,238.9039,2025-03-07 05:00:00+00:00,581194,199.89166963273343
AAPL,193.265,193.8,189.8112,193.16,46742537.0,192.0767,2025-04-21 04:00:00+00:00,576340,158.1591766660103
AAPL,203.0,205.7,202.05,203.92,46607693.0,204.0682,2025-06-06 04:00:00+00:00,556357,221.9557185883043
AAPL,213.14,214.95,212.2301,214.4,46404072.0,213.6492,2025-07-22 04:00:00+00:00,549182,139.31041268732642
AAPL,269.275,271.41,267.11,269.7,51086742.0,269.5125,2025-10-29 04:00:00+00:00,687375,93.11303346120974
AAPL,215.0,215.15,212.41,214.15,46989301.0,213.7982,2025-07-23 04:00:00+00:00,497904,134.62519890440063
AAPL,233.33,235.57,233.33,235.06,45986189.0,234.7502,2024-11-26 05:00:00+00:00,450015,143.68787444669786
AAPL,201.35,203.77,200.955,203.27,46381567.0,202.8132,2025-06-03 04:00:00+00:00,519820,112.81229975117967
AAPL,213.9,215.69,213.53,213.76,46022620.0,214.3924,2025-07-24 04:00:00+00:00,505013,124.19460354301768
AAPL,207.91,209.48,204.26,208.78,46140527.0,207.6892,2025-05-19 04:00:00+00:00,617742,144.64455958342265
AAPL,224.78,225.63,221.41,222.78,54697907.0,223.1447,2025-01-24 05:00:00+00:00,579473,236.50015059630275
AAPL,212.68,216.23,208.8,209.95,50228984.0,211.1605,2025-07-07 04:00:00+00:00,670324,207.41861513097524
AAPL,270.42,270.85,266.25,269.05,50194063.0,268.2996,2025-11-03 05:00:00+00:00,731847,234.20749999999998
AAPL,233.53,234.67,229.72,234.4,49630725.0,232.7529,2025-01-13 05:00:00+00:00,561231,233.31750000000002
AAPL,212.43,213.94,210.5801,212.33,49325825.0,212.2847,2025-05-14 04:00:00+00:00,596267,230.1715
AAPL,209.53,211.33,207.22,211.14,48749367.0,209.5626,2025-07-09 04:00:00+00:00,590796,227.35649999999995
AAPL,238.97,240.1,237.7301,238.99,46508017.0,239.2054,2025-09-17 04:00:00+00:00,509297,226.3835
AAPL,212.1,215.78,211.63,212.48,51377434.0,213.3495,2025-07-21 04:00:00+00:00,651657,223.567
AAPL,201.43,202.64,199.46,201.0,50799121.0,200.6328,2025-06-26 04:00:00+00:00,622887,220.244
AAPL,203.575,203.81,198.51,199.95,51477938.0,200.5388,2025-05-29 04:00:00+00:00,652509,220.36699999999996
AAPL,241.79,244.0272,236.112,238.03,47183985.0,239.9029,2025-03-03 05:00:00+00:00,557039,220.315
AAPL,235.42,236.55,229.23,235.74,47227642.0,234.0871,2025-03-05 05:00:00+00:00,558644,222.44400000000002
AAPL,204.89,208.8299,202.94,208.37,47310989.0,207.0889,2025-04-24 04:00:00+00:00,490831,222.66649999999998
AAPL,247.99,251.38,247.65,251.04,51694753.0,250.4623,2024-12-16 05:00:00+00:00,448224,224.4985
AAPL,250.08,253.83,249.78,253.48,51356360.0,252.982,2024-12-17 05:00:00+00:00,487662,223.6875
AAPL,244.925,248.86,244.42,247.1,51326396.0,247.2414,2025-02-24 05:00:00+00:00,593130,225.33499999999998
AAPL,201.855,203.51,199.8,202.14,51343872.0,202.1396,2025-04-15 04:00:00+00:00,595846,223.68900000000002
AAPL,197.2,198.8335,194.42,196.98,52164675.0,196.8888,2025-04-17 04:00:00+00:00,537919,223.37449999999998
AAPL,209.3,213.58,206.6705,212.5,52286454.0,211.3283,2025-04-30 04:00:00+00:00,501667,223.31149999999997
AAPL,198.21,200.65,197.02,198.51,51216482.0,198.8453,2025-05-06 04:00:00+00:00,529849,222.798
AAPL,214.175,214.81,210.82,211.27,51411723.0,212.1244,2025-07-29 04:00:00+00:00,537963,222.2225
AAPL,234.055,235.12,230.85,232.78,51916275.0,232.7455,2025-08-14 04:00:00+00:00,558697,223.36400000000003
AAPL,199.73,200.37,195.7,196.45,51447349.0,197.0361,2025-06-13 04:00:00+00:00,716210,219.734
AAPL,267.89,273.4,267.89,269.77,51203925.0,270.7137,2025-11-06 05:00:00+00:00,718677,221.50249999999997
AAPL,211.895,212.39,207.72,209.05,45512514.0,209.5067,2025-07-30 04:00:00+00:00,542351,221.33849999999998
AAPL,242.87,244.11,241.25,243.01,44383935.0,242.918,2024-12-04 05:00:00+00:00,406663,222.93200000000002
AAPL,261.88,265.29,261.83,262.77,46695748.0,263.4176,2025-10-21 04:00:00+00:00,714945,224.121
AAPL,271.05,275.96,269.6,272.41,47431201.0,273.1083,2025-11-14 05:00:00+00:00,705590,227.1175
AAPL,221.0,221.48,218.58,220.73,44299483.0,220.0734,2025-03-24 04:00:00+00:00,495018,228.10399999999998
AAPL,203.4,205.34,202.16,202.92,44155079.0,203.548,2025-08-05 04:00:00+00:00,491748,228.2525
AAPL,239.97,241.2,236.65,237.88,44249576.0,238.0573,2025-09-18 04:00:00+00:00,517293,228.24499999999998
AAPL,257.99,259.07,255.05,256.69,44664118.0,256.8692,2025-10-06 04:00:00+00:00,649161,229.29249999999996
AAPL,200.71,202.75,199.7,201.36,46742407.0,201.4092,2025-05-22 04:00:00+00:00,615608,228.942
AAPL,239.3,240.15,236.34,237.88,48999495.0,238.2065,2025-09-08 04:00:00+00:00,563611,228.28400000000002
AAPL,226.875,230.45,226.65,230.03,50208578.0,229.1184,2025-09-11 04:00:00+00:00,592895,227.11150000000004
AAPL,228.2,235.23,228.13,232.62,53710612.0,232.4505,2025-02-11 05:00:00+00:00,552126,226.3875
AAPL,236.91,242.3399,235.57,241.53,53614054.0,240.3233,2025-02-13 05:00:00+00:00,531132,228.35699999999997
AAPL,240.01,240.16,233.0,236.85,61705156.0,236.6063,2025-01-10 05:00:00+00:00,685975,230.3505
AAPL,215.95,216.8394,208.42,209.68,61318730.0,212.0144,2025-03-13 04:00:00+00:00,768933,230.20950000000002
AAPL,227.92,229.56,224.76,227.18,61806132.0,227.323,2025-08-11 04:00:00+00:00,692122,231.64299999999997
AAPL,254.94,256.38,244.0,245.27,61999098.0,248.3661,2025-10-10 04:00:00+00:00,908253,233.34300000000002
AAPL,224.74,227.03,222.3,223.66,60234760.0,224.1093,2025-01-23 05:00:00+00:00,619806,232.887
AAPL,211.25,213.95,209.58,213.49,60107582.0,212.4529,2025-03-14 04:00:00+00:00,668917,233.73899999999998
AAPL,198.36,200.7,192.37,194.27,59727673.0,195.8891,2025-04-16 04:00:00+00:00,744248,229.96400000000003
AAPL,205.17,207.04,200.71,202.09,59211774.0,203.4576,2025-05-21 04:00:00+00:00,783994,229.61600000000004
AAPL,255.875,257.34,253.58,254.43,60275187.0,255.1677,2025-09-23 04:00:00+00:00,673983,230.18699999999998
AAPL,203.5,204.5,198.41,198.78,60989857.0,200.4652,2025-06-11 04:00:00+00:00,770310,226.9875
AAPL,219.79,224.12,219.79,223.83,64126500.0,222.8221,2025-01-22 05:00:00+00:00,683037,224.5585
AAPL,220.14,221.75,214.91,216.98,62547467.0,217.6087,2025-03-12 04:00:00+00:00,792931,224.371
AAPL,237.175,241.22,236.3235,238.15,63421099.0,238.8414,2025-09-16 04:00:00+00:00,679032,226.13250000000002
AAPL,208.49,209.84,207.16,207.57,80698431.0,208.9948,2025-07-31 04:00:00+00:00,827514,224.61700000000002
AAPL,204.39,206.0,200.02,201.45,72862557.0,202.5405,2025-06-09 04:00:00+00:00,860118,221.85500000000002
AAPL,237.35,238.01,228.03,228.26,71752652.0,230.4964,2025-01-16 05:00:00+00:00,786111,223.2
AAPL,217.005,225.62,216.23,222.13,65283571.0,220.6569,2025-03-31 04:00:00+00:00,646562,222.4125
AAPL,201.89,203.22,200.0,201.08,73188571.0,201.4224,2025-06-27 04:00:00+00:00,596078,220.965
AAPL,206.665,210.1865,206.1401,207.82,78788867.0,208.176,2025-07-01 04:00:00+00:00,970491,219.725
AAPL,210.97,211.2679,206.75,210.79,63775814.0,209.7114,2025-05-12 04:00:00+00:00,806841,218.18800000000002
AAPL,223.805,225.8399,217.45,220.84,76124402.0,221.1807,2025-03-11 04:00:00+00:00,899697,217.3875
AAPL,193.665,197.7,193.46,195.27,78432918.0,195.8833,2025-05-23 04:00:00+00:00,1035410,216.66699999999997
AAPL,232.185,232.42,225.95,226.79,83440810.0,227.7892,2025-09-10 04:00:00+00:00,1031749,216.64750000000004
AAPL,234.0,234.28,229.335,231.59,56038657.0,231.5464,2025-08-15 04:00:00+00:00,503028,215.96349999999998
AAPL,210.505,213.48,210.03,212.41,44443635.0,212.2489,2025-07-10 04:00:00+00:00,545131,215.401
AAPL,228.005,230.8,227.07,229.65,55672301.0,229.3355,2025-08-12 04:00:00+00:00,561508,216.209
AAPL,198.3,200.74,197.43,200.21,56288475.0,199.4808,2025-05-27 04:00:00+00:00,710445,216.506
AAPL,214.22,218.76,213.75,215.24,54383891.0,215.5599,2025-03-19 04:00:00+00:00,524677,217.16349999999997
AAPL,212.36,212.57,209.77,211.26,54737850.0,211.25,2025-05-16 04:00:00+00:00,512788,215.00499999999997
AAPL,245.95,248.69,245.22,245.55,53196141.0,246.3756,2025-02-21 05:00:00+00:00,508397,217.3435
AAPL,196.12,201.59,195.97,199.74,52976371.0,199.2937,2025-04-22 04:00:00+00:00,608790,216.13899999999998
AAPL,202.59,203.44,200.2,200.3,54064033.0,201.4391,2025-06-24 04:00:00+00:00,666917,215.30499999999998
AAPL,269.795,272.29,266.77,268.47,48227365.0,269.0051,2025-11-07 05:00:00+00:00,754451,216.821
AAPL,254.665,259.24,253.95,258.02,49155614.0,257.8596,2025-10-03 04:00:00+00:00,706052,219.34350000000003
AAPL,248.02,253.38,247.27,252.29,49146961.0,250.7598,2025-10-17 04:00:00+00:00,634830,221.8855
AAPL,268.325,271.486,267.615,270.04,49271745.0,269.7485,2025-11-04 05:00:00+00:00,713268,223.97450000000003
AAPL,274.11,276.699,272.09,272.95,49602794.0,273.3661,2025-11-13 05:00:00+00:00,684410,226.51550000000003
AAPL,237.705,240.07,234.68,235.93,53798024.0,237.5186,2025-03-04 05:00:00+00:00,685392,228.25799999999998
AAPL,206.0,208.0,202.799,204.6,52929165.0,205.3603,2025-04-23 04:00:00+00:00,664354,228.09699999999998
AAPL,200.6,204.35,200.57,202.67,54672608.0,202.5339,2025-06-10 04:00:00+00:00,611323,227.69099999999997
AAPL,239.995,241.32,238.4901,239.69,54870397.0,239.6771,2025-09-05 04:00:00+00:00,610786,228.6335
AAPL,203.5,204.75,200.15,200.63,55221235.0,201.838,2025-06-05 04:00:00+00:00,637645,228.9015
AAPL,253.205,257.17,251.712,256.87,55202075.0,254.8219,2025-09-25 04:00:00+00:00,625867,230.4055
AAPL,209.08,214.56,208.9,213.32,57364925.0,211.8686,2025-05-01 04:00:00+00:00,712565,229.49200000000002
AAPL,252.16,254.28,247.74,248.05,56764701.0,250.531,2024-12-18 05:00:00+00:00,564346,231.27400000000003
AAPL,236.95,242.09,230.2,241.84,56833349.0,239.5113,2025-02-28 05:00:00+00:00,572583,231.8835
AAPL,229.22,234.51,229.02,234.07,55824216.0,233.1344,2025-09-12 04:00:00+00:00,602121,233.57650000000004
AAPL,247.5,252.0,247.0949,249.79,60559114.0,249.8401,2024-12-19 05:00:00+00:00,532893,235.304
AAPL,248.93,249.1,241.8201,243.85,55090731.0,244.346,2025-01-02 05:00:00+00:00,685447,236.9335
AAPL,238.665,240.79,237.21,237.59,55658279.0,238.9601,2025-01-30 05:00:00+00:00,636380,236.5355
AAPL,201.625,202.3,198.96,201.5,55814272.0,201.1824,2025-06-23 04:00:00+00:00,618980,236.6235
AAPL,210.95,212.96,209.54,211.45,45029473.0,211.308,2025-05-15 04:00:00+00:00,550863,237.18099999999998
AAPL,226.87,229.49,224.69,229.31,54575107.0,228.1997,2025-08-26 04:00:00+00:00,405233,235.223
AAPL,244.33,244.98,239.13,240.36,44433564.0,241.6568,2025-02-26 05:00:00+00:00,557242,234.34
AAPL,248.25,249.04,245.13,247.45,39776974.0,247.354,2025-10-16 04:00:00+00:00,616258,234.09799999999996
AAPL,226.48,229.3,226.23,227.16,30983133.0,227.9958,2025-08-25 04:00:00+00:00,426385,231.954
AAPL,228.61,230.9,228.26,230.49,31259513.0,230.023,2025-08-27 04:00:00+00:00,387841,229.831
AAPL,244.66,246.01,243.1604,244.87,32204215.0,244.6863,2025-02-19 05:00:00+00:00,383453,230.27800000000002
AAPL,244.94,246.78,244.29,245.83,32316907.0,245.6383,2025-02-20 05:00:00+00:00,405771,232.3395
AAPL,258.19,260.1,257.63,259.02,27262983.0,258.9315,2024-12-26 05:00:00+00:00,362325,235.157
AAPL,228.06,230.7199,228.06,229.87,38168252.0,229.6877,2024-11-22 05:00:00+00:00,380624,234.66600000000003
AAPL,239.81,242.76,238.9,242.65,38861017.0,241.644,2024-12-03 05:00:00+00:00,419384,236.767
AAPL,206.365,209.75,206.2,209.28,38222258.0,208.3682,2025-04-25 04:00:00+00:00,469917,234.3875
AAPL,210.0,211.5,207.46,210.14,38737224.0,209.6743,2025-04-28 04:00:00+00:00,436968,234.2285
AAPL,214.03,214.845,213.06,214.05,37858017.0,214.04,2025-07-28 04:00:00+00:00,425354,232.52849999999998
AAPL,230.82,233.41,229.335,232.56,38074700.0,232.0548,2025-08-28 04:00:00+00:00,423338,232.0645
AAPL,257.805,258.0,253.14,254.04,38322012.0,254.5102,2025-10-09 04:00:00+00:00,536585,233.06299999999996
AAPL,259.94,260.62,258.0101,259.58,32752139.0,259.577,2025-10-23 04:00:00+00:00,482428,233.55249999999995
AAPL,212.145,214.65,211.8101,213.55,34954599.0,213.5582,2025-07-03 04:00:00+00:00,432767,232.0375
AAPL,229.25,230.85,226.97,229.72,44075638.0,229.9932,2025-09-02 04:00:00+00:00,598029,231.644
AAPL,255.49,258.21,255.29,258.2,23234705.0,257.4634,2024-12-24 05:00:00+00:00,245932,234.47899999999998
AAPL,221.67,223.81,217.68,217.9,39818617.0,219.3577,2025-03-28 04:00:00+00:00,485185,234.80150000000003
AAPL,228.88,230.155,225.7103,228.52,42108327.0,228.4689,2024-11-21 05:00:00+00:00,431685,234.762
AAPL,209.22,211.89,208.92,209.11,42296339.0,210.0604,2025-07-15 04:00:00+00:00,526311,233.19950000000003
AAPL,229.98,230.47,225.77,226.01,42263865.0,226.7667,2025-08-20 04:00:00+00:00,527559,232.1275
AAPL,268.985,269.89,268.15,269.0,41534547.0,268.9865,2025-10-28 04:00:00+00:00,585457,234.21949999999998
AAPL,202.91,206.24,202.1,202.82,43603985.0,203.6276,2025-06-04 04:00:00+00:00,568214,232.836
AAPL,231.285,233.8,230.425,233.22,29869249.0,232.4036,2025-02-06 05:00:00+00:00,375400,232.25349999999997
AAPL,197.3,198.685,196.5636,198.42,43020691.0,197.8895,2025-06-16 04:00:00+00:00,568354,229.88299999999998
AAPL,223.51,225.02,220.47,221.53,34492906.0,222.5202,2025-03-26 04:00:00+00:00,440451,228.0085
AAPL,243.36,244.18,241.89,243.36,40244114.0,243.0805,2025-01-03 05:00:00+00:00,493786,228.683
AAPL,234.435,237.86,233.1581,235.33,45155019.0,235.2928,2025-03-06 05:00:00+00:00,551789,228.317
AAPL,228.06,229.93,225.89,229.0,35075316.0,228.0808,2024-11-20 05:00:00+00:00,358454,229.30300000000003
AAPL,242.905,244.63,242.08,242.84,36870619.0,243.187,2024-12-06 05:00:00+00:00,366549,230.93800000000002
AAPL,199.0,200.5399,197.535,198.53,36453923.0,198.6614,2025-05-09 04:00:00+00:00,423067,230.16199999999998
AAPL,256.52,258.52,256.11,258.06,36496895.0,257.8119,2025-10-08 04:00:00+00:00,395556,231.43700000000004
AAPL,265.525,271.48,265.5,271.385,7698942.0,268.6212,2025-11-19 05:00:00+00:00,156705,232.30425
AAPL,246.89,248.21,245.34,247.77,36914806.0,247.2778,2024-12-10 05:00:00+00:00,423350,231.71374999999998
AAPL,221.39,224.99,220.5601,223.85,37093374.0,223.3729,2025-03-27 04:00:00+00:00,387118,232.22875000000005
AAPL,208.693,212.24,208.37,211.21,36827633.0,210.9585,2025-04-29 04:00:00+00:00,403524,231.30325000000002
AAPL,231.7,233.12,230.11,230.89,37476188.0,231.1904,2025-08-18 04:00:00+00:00,430736,229.93775
AAPL,226.98,230.16,226.66,228.28,36211774.0,228.6648,2024-11-19 05:00:00+00:00,365242,230.45674999999997
AAPL,221.315,225.19,221.02,223.89,35905904.0,222.4314,2025-04-02 04:00:00+00:00,473114,230.22525000000002
AAPL,200.28,202.13,200.12,201.7,35423294.0,201.2063,2025-06-02 04:00:00+00:00,501431,229.85474999999997
AAPL,246.6,248.845,244.7,247.77,35477986.0,247.3488,2025-10-14 04:00:00+00:00,533528,230.94275000000002
AAPL,241.92,243.7123,240.05,242.7,37613940.0,242.2993,2025-01-08 05:00:00+00:00,406915,229.62775000000002
AAPL,254.855,255.919,253.11,254.63,37704259.0,254.539,2025-09-30 04:00:00+00:00,439294,232.21824999999998
AAPL,219.805,223.68,218.9,223.19,36336840.0,222.3346,2025-04-01 04:00:00+00:00,594669,231.71675
AAPL,242.98,245.55,241.35,242.21,40855960.0,242.9459,2025-01-07 05:00:00+00:00,462887,233.90625
AAPL,241.25,245.55,240.99,244.6,40383927.0,244.0715,2025-02-14 05:00:00+00:00,481731,235.05974999999998
AAPL,239.41,242.46,237.06,237.3,41153639.0,239.4953,2025-02-27 05:00:00+00:00,503479,234.75675
AAPL,234.805,237.81,233.97,237.33,28481377.0,236.6232,2024-11-29 05:00:00+00:00,268955,234.85675
AAPL,254.77,255.65,253.45,255.27,40858774.0,254.7699,2024-12-23 05:00:00+00:00,422563,236.17024999999998
AAPL,226.27,226.52,223.7804,224.9,30621249.0,224.9952,2025-08-21 04:00:00+00:00,406761,235.27325000000002
AAPL,214.7,215.24,213.4,213.88,40268781.0,214.1284,2025-07-25 04:00:00+00:00,409972,236.04075000000003
AAPL,210.1,211.43,208.45,210.01,42848928.0,209.9116,2025-07-08 04:00:00+00:00,512140,233.63824999999997
AAPL,254.56,255.0,253.01,254.43,40127687.0,254.0231,2025-09-29 04:00:00+00:00,489835,232.7905
AAPL,234.465,235.69,233.8101,234.93,33498439.0,234.7968,2024-11-27 05:00:00+00:00,339860,232.1485
AAPL,210.295,212.4,208.64,210.16,47490532.0,210.3633,2025-07-16 04:00:00+00:00,535850,231.464
AAPL,210.57,211.8,209.59,210.02,48068141.0,210.5606,2025-07-17 04:00:00+00:00,574972,231.40449999999996
AAPL,238.45,239.8999,236.74,239.78,47549429.0,238.5031,2025-09-04 04:00:00+00:00,541770,231.84900000000002
AAPL,243.99,244.54,242.13,243.04,40033878.0,243.0077,2024-12-05 05:00:00+00:00,401262,232.58700000000005
AAPL,252.44,253.28,249.43,250.42,39480718.0,250.6934,2024-12-31 05:00:00+00:00,361255,233.91350000000003
AAPL,234.75,236.12,232.472,233.28,39433494.0,233.8732,2025-01-14 05:00:00+00:00,436332,235.4925
AAPL,234.635,238.96,234.43,237.87,39822169.0,237.58,2025-01-15 05:00:00+00:00,418803,234.9975
AAPL,228.53,232.67,228.27,232.47,39664989.0,230.8247,2025-02-05 05:00:00+00:00,445631,234.48600000000002
AAPL,201.45,203.67,200.6201,201.56,39525730.0,201.7923,2025-06-25 04:00:00+00:00,514978,231.83249999999998
AAPL,232.51,233.38,231.37,232.14,39418437.0,232.321,2025-08-29 04:00:00+00:00,428938,232.28000000000003
AAPL,254.095,257.6,253.78,255.46,46076258.0,255.458,2025-09-26 04:00:00+00:00,550704,232.94250000000002
AAPL,213.99,217.4899,212.22,214.1,48862947.0,214.3888,2025-03-20 04:00:00+00:00,499769,231.41749999999996
AAPL,210.87,211.79,209.7045,211.18,48974591.0,210.8567,2025-07-18 04:00:00+00:00,478858,230.11149999999998
AAPL,255.04,258.79,254.93,255.45,48713940.0,256.004,2025-10-01 04:00:00+00:00,535581,231.01749999999998
AAPL,275.0,275.73,271.7,273.47,48395767.0,273.8707,2025-11-12 05:00:00+00:00,591888,231.9275
AAPL,237.27,240.79,237.16,239.59,48137103.0,239.4992,2024-12-02 05:00:00+00:00,469685,232.66199999999998
AAPL,244.15,245.18,241.84,244.47,48822491.0,244.1423,2025-02-18 05:00:00+00:00,486720,234.1915
AAPL,241.83,247.24,241.75,246.75,44649232.0,246.0624,2024-12-09 05:00:00+00:00,500769,236.02850000000004
AAPL,247.96,250.8,246.2601,246.49,45205814.0,248.069,2024-12-11 05:00:00+00:00,455625,235.63150000000002
AAPL,244.31,247.33,243.2,245.0,45045571.0,245.1726,2025-01-06 05:00:00+00:00,493920,236.135
AAPL,227.25,233.13,226.65,232.8,45014201.0,231.2132,2025-02-04 05:00:00+00:00,497327,237.267
AAPL,237.0,238.19,235.03,236.7,42699524.0,236.3383,2025-09-15 04:00:00+00:00,575938,238.60100000000003
AAPL,231.2,236.96,230.68,236.87,45243281.0,235.0413,2025-02-12 05:00:00+00:00,486474,238.45549999999997
AAPL,213.31,215.22,209.97,214.0,48073426.0,213.2536,2025-03-17 04:00:00+00:00,577436,237.00349999999997
AAPL,248.0,250.0,244.91,247.04,48013272.0,247.4765,2025-02-25 05:00:00+00:00,574045,236.8345
AAPL,231.275,232.87,229.35,230.56,39402564.0,230.8466,2025-08-19 04:00:00+00:00,445624,236.69850000000002
AAPL,261.19,264.13,259.18,262.82,38253517.0,262.539,2025-10-24 04:00:00+00:00,599532,237.946
AAPL,249.38,249.69,245.56,247.66,38142942.0,247.9036,2025-10-13 04:00:00+00:00,614923,238.70549999999997
AAPL,210.565,212.13,209.86,211.16,39765812.0,211.0285,2025-07-11 04:00:00+00:00,431665,239.1855
AAPL,199.08,199.68,197.3601,199.2,43904635.0,198.7007,2025-06-12 04:00:00+00:00,541843,237.53850000000003
AAPL,246.89,248.74,245.68,247.96,32777532.0,247.7433,2024-12-12 05:00:00+00:00,353012,237.16349999999997
AAPL,220.77,224.1,220.08,223.75,34493583.0,223.1154,2025-03-25 04:00:00+00:00,407132,237.64600000000002
AAPL,197.2,198.39,195.21,195.64,38856152.0,196.4948,2025-06-17 04:00:00+00:00,522902,236.869
AAPL,209.925,210.91,207.54,208.62,38840111.0,208.7627,2025-07-14 04:00:00+00:00,525534,234.5275
AAPL,256.805,257.4,255.43,256.48,31955776.0,256.4092,2025-10-07 04:00:00+00:00,511382,233.67800000000003
AAPL,207.67,208.47,205.03,206.86,42496635.0,207.0811,2025-05-20 04:00:00+00:00,511393,232.04149999999998
AAPL,256.575,258.18,254.15,257.13,42630239.0,256.855,2025-10-02 04:00:00+00:00,485229,232.6745
AAPL,268.61,271.7,266.93,270.14,43682972.0,269.8162,2025-11-05 05:00:00+00:00,588619,233.844
AAPL,268.96,273.73,267.455,269.43,41312312.0,270.0586,2025-11-10 05:00:00+00:00,675206,234.99099999999999
AAPL,247.815,249.2902,246.24,248.13,33081590.0,247.7598,2024-12-13 05:00:00+00:00,349809,235.14749999999998
AAPL,210.43,213.4,209.0,212.93,51909332.0,211.8003,2025-05-13 04:00:00+00:00,608884,234.154
AAPL,195.94,197.57,195.07,196.58,45394689.0,196.4448,2025-06-18 04:00:00+00:00,520881,232.148
AAPL,200.59,202.73,199.9,200.42,45339678.0,200.9086,2025-05-28 04:00:00+00:00,549615,230.3255
AAPL,234.12,239.855,234.01,239.36,45475767.0,237.4858,2025-01-29 05:00:00+00:00,515212,231.5935
AAPL,249.485,251.82,247.47,249.34,33893611.0,249.5813,2025-10-15 04:00:00+00:00,528880,231.70850000000002
AAPL,232.6,234.0,227.26,227.63,39707224.0,229.1297,2025-02-07 05:00:00+00:00,488184,231.56199999999998
AAPL,226.17,229.09,225.41,227.76,42477811.0,227.764,2025-08-22 04:00:00+00:00,488076,229.80900000000003
AAPL,214.16,215.15,211.49,212.69,42427021.0,213.0584,2025-03-18 04:00:00+00:00,493002,228.0605
AAPL,257.83,258.7,253.06,255.59,42355321.0,255.2418,2024-12-27 05:00:00+00:00,474899,230.282
AAPL,255.22,255.74,251.04,252.31,42303710.0,252.2784,2025-09-24 04:00:00+00:00,491242,232.93750000000006
AAPL,229.57,230.585,227.2,227.65,33096475.0,228.45,2025-02-10 05:00:00+00:00,398258,231.92200000000003
AMZN,249.03,251.0,246.16,250.2,40610602.0,249.2607,2025-11-05 05:00:00+00:00,598483,214.95700334144846
AMZN,235.06,238.73,232.89,234.69,38956619.0,235.7195,2025-11-14 05:00:00+00:00,630487,309.6571605205721
AMZN,220.44,221.82,216.2,217.76,24711650.0,218.6245,2025-01-14 05:00:00+00:00,332022,260.20590352915724
AMZN,222.965,223.2299,218.94,219.39,24788655.0,220.4009,2024-12-31 05:00:00+00:00,308612,158.5450036987114
AMZN,225.84,226.51,223.08,225.94,42355173.0,225.393,2025-01-17 05:00:00+00:00,385913,208.47953616562685
AMZN,176.0,176.21,172.0,172.61,44726453.0,173.5808,2025-04-17 04:00:00+00:00,527949,166.72994818173123
AMZN,213.352,214.01,202.55,205.02,42948447.0,207.4103,2025-03-03 05:00:00+00:00,666781,324.8740204912509
AMZN,243.05,243.75,236.5,237.58,41401638.0,239.2337,2025-11-13 05:00:00+00:00,614028,143.13971863487805
AMZN,234.5,236.4,232.93,234.85,25840738.0,234.4578,2025-01-24 05:00:00+00:00,349377,218.9202710769075
AMZN,231.92,233.44,230.13,232.76,23713726.0,232.1101,2025-02-11 05:00:00+00:00,329473,182.91878098998896
AMZN,221.0,221.73,216.03,220.9,43690876.0,219.7095,2025-10-06 04:00:00+00:00,690825,107.64430379220805
AMZN,230.225,231.91,228.33,231.49,25248890.0,230.5791,2025-08-18 04:00:00+00:00,371228,173.31535422795804
AMZN,222.03,225.15,218.19,220.22,33956579.0,221.2745,2025-01-02 05:00:00+00:00,449631,125.55725589159053
AMZN,222.03,222.24,217.89,219.57,48396369.0,219.4004,2025-09-30 04:00:00+00:00,609847,103.59733797493173
AMZN,234.94,237.6,233.75,235.84,33947104.0,235.9162,2025-09-08 04:00:00+00:00,489481,117.36992481845375
AMZN,223.185,223.52,220.2,222.13,25033292.0,222.0414,2025-01-08 05:00:00+00:00,325539,101.07258245553064
AMZN,217.41,218.4,212.89,213.2,39325981.0,214.884,2025-06-11 04:00:00+00:00,503640,122.59571019585931
AMZN,213.12,218.035,212.01,217.12,50480814.0,216.0944,2025-06-26 04:00:00+00:00,572822,85.992479011398
AMZN,249.155,250.38,242.17,243.04,46004201.0,244.8242,2025-11-06 05:00:00+00:00,697593,296.0188579266924
AMZN,198.77,199.0,194.3247,195.74,47341752.0,196.4612,2025-03-17 04:00:00+00:00,568556,222.5025
AMZN,209.96,212.99,209.5101,210.71,39523185.0,210.9654,2024-12-02 05:00:00+00:00,461819,220.52800000000002
AMZN,193.38,195.965,191.96,195.54,39411728.0,194.2891,2025-03-19 04:00:00+00:00,445696,218.57049999999998
AMZN,232.58,234.08,229.807,231.03,39649244.0,231.3857,2025-08-15 04:00:00+00:00,495351,219.234
AMZN,219.3,220.005,216.52,217.95,44308538.0,218.1164,2025-10-22 04:00:00+00:00,608630,219.16199999999998
AMZN,223.32,224.5,222.51,223.88,31855831.0,223.6948,2025-07-17 04:00:00+00:00,445580,219.05900000000003
AMZN,234.15,234.72,230.31,231.01,33716220.0,231.483,2025-07-29 04:00:00+00:00,446598,221.97899999999998
AMZN,221.97,225.4,221.9,224.21,38684853.0,224.0481,2025-10-24 04:00:00+00:00,547597,222.93850000000003
AMZN,229.17,236.0,228.64,232.23,42902266.0,231.8022,2025-07-24 04:00:00+00:00,526287,222.671
AMZN,230.35,230.79,226.29,228.15,38496218.0,228.4349,2025-09-12 04:00:00+00:00,534413,222.336
AMZN,185.56,190.99,185.01,188.71,44002926.0,188.4964,2025-05-07 04:00:00+00:00,499932,220.1335
AMZN,208.65,212.62,206.99,212.28,51771737.0,210.403,2025-02-28 05:00:00+00:00,540930,219.70250000000001
AMZN,230.77,231.3999,220.11,220.52,43281443.0,225.2441,2024-12-18 05:00:00+00:00,529103,219.154
AMZN,206.85,206.85,204.374,205.59,43318478.0,205.3336,2025-05-16 04:00:00+00:00,490987,218.42249999999999
AMZN,233.77,234.3,228.71,231.62,42815230.0,231.1429,2025-09-17 04:00:00+00:00,528520,219.025
AMZN,205.835,206.01,199.925,201.13,32990973.0,202.2164,2025-03-26 04:00:00+00:00,450177,217.2895
AMZN,190.105,190.22,184.885,187.7,33224732.0,187.4701,2025-04-28 04:00:00+00:00,452721,215.56800000000004
AMZN,198.9,202.37,197.85,200.99,33393545.0,200.7891,2025-05-23 04:00:00+00:00,483196,214.95750000000004
AMZN,207.105,208.9469,205.03,205.71,33139121.0,206.6343,2025-06-03 04:00:00+00:00,436643,214.387
AMZN,212.31,217.06,211.6,216.1,33284158.0,215.1622,2025-06-16 04:00:00+00:00,457829,213.04000000000002
AMZN,231.64,231.8,229.29,230.19,32993273.0,230.924,2025-07-30 04:00:00+00:00,445462,214.7625
AMZN,229.005,232.71,228.02,231.6,33679585.0,231.3338,2025-08-28 04:00:00+00:00,388917,215.80699999999996
AMZN,213.88,216.69,213.59,216.48,38882819.0,215.5985,2025-10-20 04:00:00+00:00,561944,216.85399999999998
AMZN,230.625,233.73,230.32,231.43,33243328.0,231.6848,2025-09-15 04:00:00+00:00,488104,216.87400000000002
AMZN,205.83,208.2,204.59,207.89,24892447.0,206.7766,2024-11-29 05:00:00+00:00,263735,216.371
AMZN,224.42,224.65,220.31,220.66,24457276.0,221.8973,2025-01-16 05:00:00+00:00,313322,216.20999999999998
AMZN,217.36,222.15,216.61,220.63,43933834.0,220.2492,2025-10-01 04:00:00+00:00,586098,215.69099999999997
AMZN,223.44,224.2,219.34,219.51,43639033.0,221.3191,2025-10-03 04:00:00+00:00,605202,215.456
AMZN,201.645,206.62,201.26,206.16,34314810.0,205.3692,2025-05-19 04:00:00+00:00,425652,214.1525
AMZN,237.02,238.32,235.2,236.17,38825242.0,236.5721,2025-02-05 05:00:00+00:00,552143,214.55349999999999
AMZN,214.94,218.16,213.09,214.35,39120603.0,215.4418,2025-02-26 05:00:00+00:00,508442,215.8355
AMZN,204.8,209.98,203.26,208.36,38562205.0,207.0527,2025-03-05 05:00:00+00:00,514658,215.6395
AMZN,193.07,199.32,192.3,194.95,38921113.0,195.636,2025-03-20 04:00:00+00:00,455391,214.36100000000002
AMZN,201.38,205.76,200.16,203.1,38938882.0,203.3273,2025-05-22 04:00:00+00:00,514617,214.23649999999998
AMZN,219.5,221.875,217.93,220.46,39256830.0,220.1508,2025-07-01 04:00:00+00:00,544150,213.67849999999999
AMZN,223.52,226.17,221.83,225.34,38843883.0,224.5411,2025-09-02 04:00:00+00:00,508912,214.88899999999998
AMZN,223.14,223.8,221.8836,222.69,32970477.0,222.6698,2025-08-08 04:00:00+00:00,397504,216.63850000000002
AMZN,204.84,205.99,201.695,205.01,51679406.0,204.5318,2025-05-30 04:00:00+00:00,493714,216.8395
AMZN,228.1,230.2,222.42,222.55,60592889.0,224.6972,2025-11-18 05:00:00+00:00,957297,217.6815
AMZN,209.55,212.81,207.56,207.91,51979243.0,209.7551,2025-06-05 04:00:00+00:00,668806,217.272
AMZN,223.28,223.31,214.74,216.58,55315350.0,217.7121,2025-02-21 05:00:00+00:00,774965,216.5915
AMZN,182.17,185.05,178.85,184.42,55176543.0,182.7658,2025-04-30 04:00:00+00:00,688982,214.2325
AMZN,223.52,223.82,219.12,219.39,58887780.0,220.6316,2025-06-30 04:00:00+00:00,673189,214.378
AMZN,169.845,176.78,169.35,173.18,56607202.0,173.247,2025-04-22 04:00:00+00:00,617509,211.46550000000002
AMZN,211.08,214.84,210.1,211.37,56193682.0,212.6792,2025-05-13 04:00:00+00:00,743293,211.6395
AMZN,227.4,233.11,227.02,230.98,61545824.0,230.502,2025-08-14 04:00:00+00:00,738785,212.1555
AMZN,192.9,196.99,192.52,196.21,59897917.0,195.3021,2025-03-21 04:00:00+00:00,394835,210.9345
AMZN,238.01,239.6599,236.01,238.83,60843345.0,,2025-02-06 05:00:00+00:00,803116,211.90050000000002
AMZN,200.11,206.8,197.432,203.8,60842554.0,201.9283,2025-03-04 05:00:00+00:00,872020,211.78249999999997
AMZN,195.6,196.73,190.85,194.54,62350926.0,193.5839,2025-03-10 04:00:00+00:00,902822,209.70100000000002
AMZN,237.515,237.68,229.0962,230.33,60907714.0,231.8609,2025-09-10 04:00:00+00:00,806586,210.5
AMZN,203.49,203.49,195.75,198.38,58800042.0,198.6947,2024-11-21 05:00:00+00:00,736592,210.00100000000003
AMZN,211.63,213.34,204.16,212.8,58955877.0,209.6983,2025-02-25 05:00:00+00:00,800749,210.8935
AMZN,199.49,202.2653,192.53,199.25,59302811.0,197.6649,2025-03-07 05:00:00+00:00,785670,210.70099999999996
AMZN,231.185,235.77,230.78,235.68,59391779.0,234.0625,2025-09-04 04:00:00+00:00,707968,211.462
AMZN,233.25,234.6,229.19,232.87,59918908.0,231.891,2025-11-17 05:00:00+00:00,893852,211.8385
AMZN,223.735,223.735,218.52,221.485,15615281.0,220.8892,2025-11-19 05:00:00+00:00,264461,211.77825
AMZN,188.19,191.33,184.4,190.26,63543658.0,188.28,2025-03-31 04:00:00+00:00,769861,211.04074999999997
AMZN,183.45,187.38,180.19,180.6,63470094.0,183.1208,2025-04-23 04:00:00+00:00,732655,208.94324999999998
AMZN,227.83,227.86,220.07,220.71,70956193.0,222.2062,2025-09-23 04:00:00+00:00,975072,209.58325
AMZN,217.4,217.44,211.42,211.65,77890146.0,213.1312,2025-08-04 04:00:00+00:00,1046525,209.33675
AMZN,232.5,234.81,228.06,229.15,77389256.0,230.4554,2025-02-07 05:00:00+00:00,943438,211.57325
AMZN,191.435,192.88,186.4,189.98,77677487.0,189.9287,2025-05-02 04:00:00+00:00,920467,210.10275000000001
AMZN,206.45,206.88,202.673,205.17,64347317.0,204.7892,2025-05-15 04:00:00+00:00,821281,211.70225
AMZN,180.915,186.74,180.18,186.54,43051696.0,184.8668,2025-04-24 04:00:00+00:00,516091,210.46075000000002
AMZN,214.695,222.65,213.7409,222.31,54823045.0,219.4299,2025-08-06 04:00:00+00:00,654274,210.02725
AMZN,187.66,198.34,187.66,196.01,53679198.0,194.287,2025-04-02 04:00:00+00:00,710850,210.01725000000002
AMZN,193.9,200.18,193.4,196.59,54002880.0,196.8215,2025-03-11 04:00:00+00:00,668549,207.90525000000002
AMZN,224.15,224.56,219.45,220.21,49509033.0,221.0059,2025-09-24 04:00:00+00:00,695256,208.72575
AMZN,186.84,187.44,179.23,182.12,48002540.0,182.9501,2025-04-14 04:00:00+00:00,656762,208.10475000000002
AMZN,228.215,231.485,226.21,229.25,47099924.0,228.8351,2025-10-28 04:00:00+00:00,682226,208.05075000000002
AMZN,220.75,227.15,220.6,227.03,44168069.0,225.0547,2024-12-06 05:00:00+00:00,524365,209.48325
AMZN,215.09,217.96,212.34,212.52,44360509.0,214.6135,2025-06-18 04:00:00+00:00,475101,209.46925000000002
AMZN,220.08,222.6,219.3,222.17,44259177.0,221.536,2025-09-29 04:00:00+00:00,520136,210.61525
AMZN,222.92,226.73,221.19,225.22,46685985.0,224.5234,2025-10-08 04:00:00+00:00,624651,210.09225
AMZN,179.93,185.86,178.0,184.87,50594339.0,182.6453,2025-04-11 04:00:00+00:00,638386,207.69225
AMZN,213.05,216.3,212.87,213.75,51505121.0,214.5142,2025-08-05 04:00:00+00:00,639055,207.3055
AMZN,230.56,230.565,227.51,227.63,45914506.0,228.5492,2025-09-22 04:00:00+00:00,637304,209.17399999999998
AMZN,215.555,219.32,212.6,216.39,45665580.0,216.4153,2025-10-14 04:00:00+00:00,713414,210.96349999999998
AMZN,216.62,217.71,212.66,215.57,45909469.0,215.5816,2025-10-15 04:00:00+00:00,727130,210.7065
AMZN,214.56,214.8,211.03,213.04,45986944.0,213.0165,2025-10-17 04:00:00+00:00,671699,210.776
AMZN,176.29,179.1046,171.41,174.33,51866916.0,174.8519,2025-04-16 04:00:00+00:00,685435,208.035
AMZN,223.58,226.6799,222.37,225.02,50518307.0,224.8908,2025-07-11 04:00:00+00:00,661385,209.78699999999998
AMZN,227.21,230.08,225.67,226.09,46819363.0,227.706,2024-12-09 05:00:00+00:00,572754,210.833
AMZN,224.995,228.21,221.75,227.74,46412122.0,225.0613,2025-10-09 04:00:00+00:00,660516,212.89299999999997
AMZN,242.9,244.9,238.49,244.41,46374294.0,241.8493,2025-11-07 05:00:00+00:00,667465,213.998
AMZN,218.43,223.32,217.99,222.03,50494565.0,221.5154,2025-10-21 04:00:00+00:00,722930,215.29899999999998
AMZN,215.96,220.0,215.75,218.16,48718516.0,218.1621,2024-12-04 05:00:00+00:00,553275,216.37749999999997
AMZN,231.672,232.82,227.76,230.3,52035936.0,230.0365,2025-10-29 04:00:00+00:00,782147,216.88199999999998
AMZN,198.42,199.26,191.881,192.72,52542526.0,193.9821,2025-03-28 04:00:00+00:00,678644,217.41199999999998
AMZN,220.06,220.67,216.47,218.15,52226328.0,218.7149,2025-09-25 04:00:00+00:00,721783,216.85699999999997
AMZN,250.38,257.01,248.66,249.32,51546311.0,250.9671,2025-11-04 05:00:00+00:00,777708,217.97150000000002
AMZN,169.6,169.6,165.285,167.32,48126111.0,166.9255,2025-04-21 04:00:00+00:00,726774,215.71149999999997
AMZN,226.21,235.61,225.86,235.42,49428332.0,231.8188,2025-01-27 05:00:00+00:00,661486,216.37399999999997
AMZN,204.4,205.77,198.3015,200.7,49855705.0,201.4557,2025-03-06 05:00:00+00:00,688560,215.148
AMZN,223.915,224.0,218.43,219.36,45691987.0,220.4836,2025-07-08 04:00:00+00:00,615447,216.8725
AMZN,181.41,182.35,177.9331,179.59,43617902.0,180.07,2025-04-15 04:00:00+00:00,564756,215.1645
AMZN,220.88,222.89,220.17,221.78,31194678.0,221.3808,2025-10-07 04:00:00+00:00,500797,214.872
AMZN,228.82,229.3,223.72,226.65,42975133.0,225.8082,2025-02-18 05:00:00+00:00,600702,215.385
AMZN,221.82,224.01,221.36,223.41,29631767.0,222.8867,2025-07-03 04:00:00+00:00,364406,215.777
AMZN,230.09,230.5283,227.12,228.01,29891012.0,228.3423,2025-08-19 04:00:00+00:00,405021,216.52550000000002
AMZN,184.57,187.93,183.85,185.01,29314055.0,185.6619,2025-05-06 04:00:00+00:00,371859,217.0595
AMZN,222.505,225.36,221.62,224.19,27503606.0,223.7046,2025-01-03 05:00:00+00:00,346975,217.01799999999997
AMZN,211.78,213.58,211.33,213.24,27639991.0,212.8655,2025-06-12 04:00:00+00:00,364940,216.37549999999996
AMZN,204.98,207.0,202.68,206.65,29113319.0,205.594,2025-06-02 04:00:00+00:00,438892,215.321
AMZN,218.03,222.15,217.3,220.55,41140220.0,220.1758,2024-12-05 05:00:00+00:00,463440,214.12800000000001
AMZN,191.43,194.33,188.82,192.08,41043620.0,192.1266,2025-05-08 04:00:00+00:00,513351,212.63049999999998
AMZN,234.06,239.25,232.9,237.42,37285720.0,236.6088,2025-02-03 05:00:00+00:00,551849,213.5935
AMZN,217.7,220.68,217.04,220.07,37809650.0,219.7384,2025-10-13 04:00:00+00:00,590235,213.08199999999997
AMZN,199.28,201.9499,199.0,201.45,40685672.0,200.8436,2024-11-25 05:00:00+00:00,427416,213.5185
AMZN,221.55,222.79,219.7,222.26,30370591.0,221.7055,2025-07-10 04:00:00+00:00,451223,213.724
AMZN,218.35,219.97,208.37,208.74,40548571.0,212.3725,2025-02-27 05:00:00+00:00,558788,211.69500000000002
AMZN,192.52,194.0,189.38,192.82,40412937.0,192.0851,2025-03-18 04:00:00+00:00,554392,212.96999999999997
AMZN,221.0,226.22,220.82,223.13,40603513.0,223.1357,2025-08-07 04:00:00+00:00,553279,212.35549999999998
AMZN,225.6,226.03,220.9,223.75,27367147.0,223.0146,2024-12-27 05:00:00+00:00,381077,213.50799999999998
AMZN,206.98,207.64,205.05,205.74,28061638.0,206.0978,2024-11-27 05:00:00+00:00,350396,212.827
AMZN,225.01,226.88,223.9,225.06,28030007.0,225.2698,2024-12-23 05:00:00+00:00,321898,215.1005
AMZN,228.9,231.78,226.94,230.71,39951456.0,230.0901,2025-01-21 05:00:00+00:00,552447,215.54700000000003
AMZN,212.4,213.8699,210.5,213.57,39832500.0,212.5672,2025-06-06 04:00:00+00:00,512176,214.89299999999997
AMZN,225.835,229.69,225.65,229.3,40297556.0,228.3292,2025-07-21 04:00:00+00:00,530328,215.1875
AMZN,228.4,230.2,225.8608,227.46,28768080.0,227.8553,2024-12-13 05:00:00+00:00,362555,215.16
AMZN,225.52,226.83,223.71,226.63,28566709.0,225.3773,2025-02-19 05:00:00+00:00,391423,217.24099999999999
AMZN,205.915,207.66,204.41,204.72,28549753.0,205.6978,2025-05-28 04:00:00+00:00,407710,216.2675
AMZN,232.22,232.48,231.18,231.44,28712095.0,231.7831,2025-07-25 04:00:00+00:00,365765,217.1775
AMZN,209.96,214.05,209.62,212.1,29337763.0,211.9129,2025-06-13 04:00:00+00:00,443361,217.45
AMZN,204.628,205.5899,202.65,204.07,29470373.0,204.0108,2025-05-20 04:00:00+00:00,417640,216.62599999999998
AMZN,193.375,194.69,191.16,193.06,29663143.0,192.7564,2025-05-09 04:00:00+00:00,362745,216.675
AMZN,224.775,225.13,221.81,222.88,30001665.0,222.9351,2025-02-20 05:00:00+00:00,447333,215.948
AMZN,200.72,201.52,195.29,198.89,43674484.0,198.882,2025-03-12 04:00:00+00:00,573895,214.88899999999998
AMZN,226.94,229.14,226.13,229.05,15001097.0,228.3619,2024-12-24 05:00:00+00:00,203038,216.269
AMZN,227.11,229.0,226.02,228.71,26105373.0,228.1779,2025-08-26 04:00:00+00:00,279949,216.5915
AMZN,226.41,231.2,226.26,230.26,35385785.0,229.9009,2024-12-11 05:00:00+00:00,427394,217.66750000000002
AMZN,230.545,233.92,229.2,233.14,35419926.0,232.4151,2025-02-10 05:00:00+00:00,473182,219.6835
AMZN,186.51,188.18,185.53,186.35,35217469.0,186.9373,2025-05-05 04:00:00+00:00,458698,217.8445
AMZN,228.57,229.87,227.81,229.12,21254479.0,228.994,2025-08-27 04:00:00+00:00,308882,218.113
AMZN,230.23,233.0,228.01,232.93,37552096.0,231.5484,2024-12-16 05:00:00+00:00,430659,219.4725
AMZN,209.79,210.39,207.3101,208.47,37311725.0,208.913,2025-06-23 04:00:00+00:00,513937,218.64299999999997
AMZN,229.68,230.0,226.35,227.47,37483702.0,227.8662,2025-07-22 04:00:00+00:00,475209,218.481
AMZN,222.79,229.14,220.82,228.84,37315341.0,226.885,2025-08-22 04:00:00+00:00,490974,219.24450000000002
AMZN,231.49,231.53,229.3377,229.95,37485598.0,230.5074,2025-09-11 04:00:00+00:00,465912,219.277
AMZN,229.83,231.09,227.63,228.97,28204084.0,229.3395,2024-12-12 05:00:00+00:00,342638,219.35250000000002
AMZN,221.46,221.71,216.5,218.94,36811525.0,218.864,2025-01-10 05:00:00+00:00,493840,218.968
AMZN,222.23,223.5,219.05,221.47,37254707.0,221.4124,2025-08-12 04:00:00+00:00,472607,219.8055
AMZN,222.0,224.9185,222.0,224.56,36508335.0,223.9846,2025-08-13 04:00:00+00:00,488194,219.46150000000003
AMZN,227.12,227.27,220.915,223.81,36604319.0,223.6745,2025-08-20 04:00:00+00:00,493752,220.04699999999997
AMZN,235.19,236.0,231.93,232.33,36721802.0,233.4516,2025-09-05 04:00:00+00:00,493587,221.45999999999998
AMZN,227.9,228.381,221.46,222.11,28084164.0,223.4033,2025-01-07 05:00:00+00:00,379570,222.9125
AMZN,232.39,232.73,227.85,231.15,35944831.0,230.7898,2024-12-17 05:00:00+00:00,433265,223.32599999999996
AMZN,236.5,240.29,236.41,237.68,36162377.0,238.2019,2025-01-31 05:00:00+00:00,435388,225.26550000000003
AMZN,187.62,189.94,185.49,188.99,36413330.0,187.9962,2025-04-25 04:00:00+00:00,489569,223.2625
AMZN,225.07,226.66,224.24,225.69,35702597.0,225.6173,2025-07-14 04:00:00+00:00,460428,223.11149999999998
AMZN,248.41,249.7499,247.23,249.1,23563960.0,248.645,2025-11-11 05:00:00+00:00,378251,224.05349999999999
AMZN,248.34,251.75,245.59,248.4,36476474.0,248.345,2025-11-10 05:00:00+00:00,591047,224.8165
AMZN,239.01,242.52,238.03,242.06,29713812.0,241.1698,2025-02-04 05:00:00+00:00,412003,227.602
AMZN,223.0,224.29,222.37,223.47,36604139.0,223.4121,2025-07-07 04:00:00+00:00,513469,227.3195
AMZN,220.06,222.9972,218.43,221.3,28299510.0,220.886,2024-12-30 05:00:00+00:00,371496,226.738
AMZN,206.55,208.18,205.18,207.23,29915592.0,206.892,2025-06-04 04:00:00+00:00,406881,226.67600000000002
AMZN,219.73,221.6,219.06,219.92,30894178.0,220.2103,2025-07-02 04:00:00+00:00,429633,226.29850000000002
AMZN,203.085,206.69,202.19,206.02,34892044.0,205.2156,2025-05-27 04:00:00+00:00,505171,225.15749999999997
AMZN,226.2,227.27,225.455,226.35,34907294.0,226.4985,2025-07-15 04:00:00+00:00,507705,224.97750000000002
AMZN,198.165,198.8799,191.82,193.89,41168361.0,194.3371,2025-03-13 04:00:00+00:00,588537,223.2235
AMZN,183.99,188.0158,183.68,187.39,41667255.0,186.2911,2025-04-29 04:00:00+00:00,507603,221.64600000000002
AMZN,197.41,198.65,195.32,197.95,38044533.0,197.4356,2025-03-14 04:00:00+00:00,470642,220.46999999999997
AMZN,211.45,211.93,208.85,210.25,38492128.0,210.4614,2025-05-14 04:00:00+00:00,519690,219.7545
AMZN,214.75,217.85,212.88,216.98,38102502.0,216.0254,2025-06-09 04:00:00+00:00,560148,219.413
AMZN,212.135,214.34,211.045,212.77,38378757.0,213.1129,2025-06-24 04:00:00+00:00,459901,218.43500000000003
AMZN,221.07,224.29,220.47,222.54,38155121.0,222.4555,2025-07-09 04:00:00+00:00,493756,218.4565
AMZN,225.14,226.4,222.98,226.13,37833807.0,225.2906,2025-07-18 04:00:00+00:00,454003,218.20549999999997
AMZN,232.5,233.48,228.79,231.23,37931738.0,231.5212,2025-09-18 04:00:00+00:00,477593,217.88299999999998
AMZN,227.66,228.4,225.54,226.97,38266995.0,227.2326,2025-10-27 04:00:00+00:00,577811,219.782
AMZN,236.355,238.85,235.08,238.24,27033778.0,237.3524,2025-09-09 04:00:00+00:00,391877,220.40950000000004
AMZN,225.21,227.1699,224.36,225.99,29223134.0,225.8708,2025-09-03 04:00:00+00:00,422629,219.254
AMZN,202.98,203.13,199.45,202.88,32768989.0,201.7121,2024-11-20 05:00:00+00:00,406917,216.978
AMZN,208.025,208.81,204.23,205.7,34700005.0,206.2943,2025-05-29 04:00:00+00:00,496232,215.16
AMZN,215.67,218.59,212.8101,214.47,42414591.0,215.51,2025-10-16 04:00:00+00:00,681784,214.70999999999998
AMZN,224.91,226.09,222.92,223.29,39918739.0,224.0262,2024-12-19 05:00:00+00:00,466361,214.80949999999999
AMZN,201.9,208.0,201.79,207.86,41673737.0,206.274,2024-11-26 05:00:00+00:00,496396,214.84099999999998
AMZN,232.02,235.44,231.19,235.01,41448217.0,234.095,2025-01-22 05:00:00+00:00,512233,215.5955
AMZN,234.29,241.77,233.98,238.15,41587188.0,238.6365,2025-01-28 05:00:00+00:00,542344,217.202
AMZN,200.0,203.64,199.95,203.26,41583365.0,202.3698,2025-03-24 04:00:00+00:00,515879,216.04749999999999
AMZN,187.86,193.93,187.2,192.17,41246065.0,191.4701,2025-04-01 04:00:00+00:00,528166,215.96149999999997
AMZN,219.08,221.05,218.02,219.78,41650098.0,219.737,2025-09-26 04:00:00+00:00,551565,217.581
AMZN,228.47,228.79,227.09,228.29,28294852.0,228.1765,2025-07-23 04:00:00+00:00,344504,219.098
AMZN,221.01,222.81,218.945,222.41,41258586.0,221.3182,2025-10-02 04:00:00+00:00,589620,219.706
AMZN,225.875,226.1,222.18,223.19,39535926.0,223.7872,2025-07-16 04:00:00+00:00,556155,220.0165
AMZN,200.89,203.79,199.2821,201.36,27317661.0,201.8553,2025-03-27 04:00:00+00:00,363321,219.44599999999997
AMZN,232.935,235.9,232.23,234.05,38203912.0,234.4088,2025-09-16 04:00:00+00:00,497761,220.02149999999997
AMZN,199.33,205.3,198.78,204.61,31181867.0,203.3046,2024-11-19 05:00:00+00:00,383402,218.94550000000004
AMZN,228.5,228.5,226.6706,227.05,16174500.0,227.6146,2024-12-26 05:00:00+00:00,262085,218.73649999999998
AMZN,229.2,229.89,227.23,228.68,26543084.0,228.6322,2025-02-14 05:00:00+00:00,375368,218.82199999999997
AMZN,198.25,199.2599,196.75,197.12,31530844.0,197.5866,2024-11-22 05:00:00+00:00,402719,216.766
AMZN,226.09,229.06,224.2002,225.04,31199864.0,226.2639,2024-12-10 05:00:00+00:00,417668,216.7185
AMZN,222.83,223.57,220.75,223.35,31291257.0,222.669,2025-01-15 05:00:00+00:00,353985,217.74200000000002
AMZN,228.85,230.42,227.52,230.37,31346512.0,229.3312,2025-02-13 05:00:00+00:00,408846,218.9755
AMZN,203.595,206.21,203.22,205.71,31171161.0,205.1037,2025-03-25 04:00:00+00:00,402368,218.5375
AMZN,216.78,217.69,214.15,217.61,31303317.0,216.5561,2025-06-10 04:00:00+00:00,429031,218.25349999999997
AMZN,214.615,216.03,211.11,211.99,31755698.0,212.8066,2025-06-25 04:00:00+00:00,417565,218.46000000000004
AMZN,219.0,221.3,218.18,221.09,31539699.0,220.398,2025-10-23 04:00:00+00:00,455056,217.76399999999998
AMZN,250.235,250.37,243.75,244.2,31190063.0,245.5722,2025-11-12 05:00:00+00:00,489440,218.06650000000005
AMZN,234.1,235.52,231.51,235.42,26404364.0,234.2435,2025-01-23 05:00:00+00:00,365153,219.6745
AMZN,239.015,240.39,236.15,237.07,26088785.0,237.4141,2025-01-29 05:00:00+00:00,384888,221.91950000000003
AMZN,221.78,223.05,220.4,221.3,31646222.0,221.3865,2025-08-11 04:00:00+00:00,441975,221.99550000000005
AMZN,227.35,229.6,227.31,227.94,22633695.0,228.435,2025-08-25 04:00:00+00:00,348656,221.978
AMZN,218.06,219.4,216.47,218.46,27262655.0,218.1426,2025-01-13 05:00:00+00:00,373519,221.7805
AMZN,233.35,234.29,232.25,232.79,26300138.0,233.0997,2025-07-28 04:00:00+00:00,394809,222.2605
AMZN,222.65,222.78,220.5,221.95,32140459.0,221.6714,2025-08-21 04:00:00+00:00,415019,223.29000000000002
AMZN,215.195,217.41,214.56,214.82,32086262.0,215.7332,2025-06-17 04:00:00+00:00,431316,222.32850000000002
AMZN,230.46,231.18,228.16,228.93,32285249.0,229.6079,2025-02-12 05:00:00+00:00,400325,223.54449999999997
AMZN,226.78,228.835,224.84,227.61,31849831.0,227.0921,2025-01-06 05:00:00+00:00,410686,223.57250000000005
AMZN,237.14,237.95,232.22,234.64,32020728.0,235.023,2025-01-30 05:00:00+00:00,428122,223.8705
AMZN,201.61,203.455,200.06,201.12,42460924.0,201.5235,2025-05-21 04:00:00+00:00,569211,224.07049999999998
AMZN,217.45,217.715,212.42,212.71,42387585.0,214.0526,2025-02-24 05:00:00+00:00,586136,223.454
AMZN,231.32,231.8125,228.16,229.0,26199170.0,229.1702,2025-08-29 04:00:00+00:00,344698,223.73649999999998
AMZN,210.31,214.02,209.65,213.44,32208228.0,212.6394,2024-12-03 05:00:00+00:00,379347,222.89000000000001
GOOGL,242.81,243.29,239.245,243.1,34724346.0,241.7495,2025-09-30 04:00:00+00:00,612298,226.566392956524
GOOGL,161.76,165.87,161.0,163.89,34275582.0,163.4708,2025-03-19 04:00:00+00:00,394050,213.52500528466066
GOOGL,197.22,202.61,197.17,201.42,39161826.0,200.8974,2025-08-08 04:00:00+00:00,540140,231.3942418573221
GOOGL,195.22,197.0,187.74,188.4,34166074.0,191.5092,2024-12-18 05:00:00+00:00,423247,213.94604987169154
GOOGL,183.235,184.327,182.03,182.97,33104193.0,183.321,2025-07-16 04:00:00+00:00,500167,86.05197752530475
GOOGL,178.04,178.74,174.6939,175.42,41913411.0,176.1505,2025-02-25 05:00:00+00:00,538759,225.8357693328117
GOOGL,154.29,154.68,148.5,151.16,32546576.0,151.362,2025-04-17 04:00:00+00:00,479260,247.54355726277458
GOOGL,197.25,201.42,194.98,195.42,43504025.0,196.9303,2024-12-17 05:00:00+00:00,514813,109.98713579953981
GOOGL,192.43,195.92,192.08,195.75,41389153.0,194.5166,2025-07-29 04:00:00+00:00,557550,199.12917446222622
GOOGL,172.43,173.69,169.94,173.54,31796690.0,172.4417,2025-06-26 04:00:00+00:00,466065,142.05245247051872
GOOGL,163.675,164.25,156.72,160.67,42074751.0,159.8761,2025-03-18 04:00:00+00:00,575950,178.44422701931626
GOOGL,165.84,166.205,162.3732,163.96,33146669.0,164.3632,2025-05-15 04:00:00+00:00,515220,255.88357462716445
GOOGL,240.75,246.3,238.61,244.9,31658234.0,243.0118,2025-10-01 04:00:00+00:00,570870,292.2783834257624
GOOGL,202.73,208.54,201.3,206.09,42827040.0,205.3792,2025-08-22 04:00:00+00:00,627430,294.4066073495983
GOOGL,168.26,168.46,163.69,165.87,43604027.0,165.8538,2025-03-10 04:00:00+00:00,729408,308.2126365653752
GOOGL,157.485,159.1,156.25,158.46,44138818.0,157.8237,2025-05-12 04:00:00+00:00,665564,177.60461245910454
GOOGL,192.62,195.1,190.15,194.63,25612014.0,193.7011,2024-12-23 05:00:00+00:00,310991,268.07767560604316
GOOGL,163.405,164.97,161.87,164.03,25715005.0,163.838,2025-05-02 04:00:00+00:00,348172,136.50740692650794
GOOGL,200.935,201.475,199.07,201.0,25832435.0,200.6547,2025-08-11 04:00:00+00:00,405516,234.558504590638
GOOGL,166.09,168.63,165.6072,167.65,33135263.0,167.5123,2024-11-25 05:00:00+00:00,358441,184.91649999999998
GOOGL,192.41,196.88,190.73,191.81,41728833.0,192.9207,2025-01-27 05:00:00+00:00,617249,182.352
GOOGL,168.765,172.075,168.57,171.49,23789084.0,171.2541,2024-12-02 05:00:00+00:00,273500,182.73200000000003
GOOGL,167.725,169.35,165.62,166.19,42846925.0,166.9713,2025-05-16 04:00:00+00:00,671559,180.97050000000002
GOOGL,175.25,179.44,172.77,176.62,43025594.0,176.647,2025-07-09 04:00:00+00:00,634129,180.38150000000002
GOOGL,252.08,253.04,249.47,251.16,34109720.0,251.3654,2025-09-16 04:00:00+00:00,561431,183.791
GOOGL,267.75,275.336,267.67,274.57,43580177.0,274.4841,2025-10-29 04:00:00+00:00,885116,188.7485
GOOGL,203.39,207.05,202.81,206.38,43856425.0,,2025-02-04 05:00:00+00:00,615084,191.50949999999997
GOOGL,158.79,160.57,156.16,159.53,42382126.0,159.1,2025-05-13 04:00:00+00:00,634984,189.715
GOOGL,163.27,166.49,162.45,165.49,31995893.0,164.4089,2025-03-14 04:00:00+00:00,426633,188.20200000000003
GOOGL,203.85,206.44,201.28,203.9,34931422.0,204.8495,2025-08-15 04:00:00+00:00,485743,189.71999999999997
GOOGL,202.0,205.48,201.8,204.02,32041952.0,204.215,2025-01-31 05:00:00+00:00,411503,191.8875
GOOGL,251.22,251.6,246.28,249.53,34107992.0,249.1811,2025-09-17 04:00:00+00:00,565063,196.166
GOOGL,154.17,155.05,152.2,152.75,32435281.0,153.1506,2025-05-09 04:00:00+00:00,472801,191.5585
GOOGL,182.14,184.06,180.48,183.58,31992565.0,182.6644,2025-07-17 04:00:00+00:00,499962,190.433
GOOGL,195.6,197.5999,194.685,196.53,32445405.0,196.3836,2025-07-30 04:00:00+00:00,437297,191.966
GOOGL,207.25,212.22,206.9,211.64,32339307.0,210.9129,2025-08-28 04:00:00+00:00,410220,194.625
GOOGL,198.14,200.3,195.2,197.98,26951357.0,197.9201,2025-01-23 05:00:00+00:00,332356,194.7925
GOOGL,148.89,152.19,148.54,151.47,26971774.0,150.6666,2025-04-22 04:00:00+00:00,375009,194.1645
GOOGL,160.325,160.74,157.52,160.16,26808958.0,159.6894,2025-04-29 04:00:00+00:00,366834,192.1225
GOOGL,166.735,168.215,166.36,168.05,26900838.0,167.415,2025-06-04 04:00:00+00:00,388052,192.14249999999998
GOOGL,189.025,190.83,187.82,189.13,34832181.0,189.0035,2025-08-01 04:00:00+00:00,561395,192.0085
GOOGL,238.9,241.66,237.85,239.17,35141074.0,239.7785,2025-09-10 04:00:00+00:00,514894,195.39249999999998
GOOGL,240.37,242.075,238.0,240.8,26771610.0,240.3989,2025-09-12 04:00:00+00:00,431474,199.123
GOOGL,253.04,254.36,250.48,251.66,26628016.0,252.0418,2025-09-23 04:00:00+00:00,465392,202.875
GOOGL,254.69,257.33,254.23,256.55,22350077.0,255.8906,2025-10-20 04:00:00+00:00,493701,203.14450000000002
GOOGL,165.85,166.46,163.9,164.76,38604587.0,165.1778,2024-11-22 05:00:00+00:00,490822,197.654
GOOGL,170.16,173.17,170.0,172.9,37995670.0,172.2077,2025-05-27 04:00:00+00:00,542049,195.98
GOOGL,167.84,169.87,167.39,169.03,38612272.0,169.0882,2025-06-02 04:00:00+00:00,482622,196.45499999999998
GOOGL,193.65,194.05,190.84,192.58,38139504.0,192.1689,2025-07-28 04:00:00+00:00,491278,197.8095
GOOGL,234.165,240.47,233.229,239.63,38060959.0,237.7124,2025-09-09 04:00:00+00:00,527732,199.596
GOOGL,248.27,250.44,245.52,245.76,23181285.0,247.0462,2025-10-07 04:00:00+00:00,574601,201.68300000000002
GOOGL,181.01,183.67,179.68,181.56,32536632.0,181.1813,2025-07-14 04:00:00+00:00,497465,198.2845
GOOGL,235.47,238.13,233.67,234.04,32474743.0,235.246,2025-09-08 04:00:00+00:00,521219,202.349
GOOGL,254.43,255.78,250.3,252.53,32290538.0,252.5895,2025-09-22 04:00:00+00:00,569783,205.7965
GOOGL,195.0,195.18,191.71,191.96,34812386.0,193.4106,2024-12-12 05:00:00+00:00,462228,205.56799999999998
GOOGL,157.975,159.27,155.4,158.8,34981059.0,157.8333,2025-04-30 04:00:00+00:00,419220,202.926
GOOGL,173.16,175.265,171.9107,172.36,34783997.0,172.9493,2025-05-28 04:00:00+00:00,437665,201.645
GOOGL,287.745,291.915,287.32,291.31,19842136.0,289.996,2025-11-11 05:00:00+00:00,522742,208.637
GOOGL,191.01,192.73,189.64,189.82,25132695.0,190.7943,2024-12-13 05:00:00+00:00,328989,210.11999999999998
GOOGL,180.78,181.23,174.58,176.23,63378856.0,177.0847,2025-06-30 04:00:00+00:00,873359,210.529
GOOGL,175.7,177.3648,174.58,175.95,24973043.0,176.1769,2025-06-17 04:00:00+00:00,363089,209.86999999999998
GOOGL,192.745,195.48,190.68,195.3,24157929.0,194.4465,2025-01-28 05:00:00+00:00,332199,207.67649999999998
GOOGL,168.98,170.63,168.315,170.56,24174373.0,169.9023,2025-03-25 04:00:00+00:00,307722,204.1645
GOOGL,203.03,203.44,199.96,201.57,24240233.0,201.1915,2025-08-19 04:00:00+00:00,373971,201.66
GOOGL,153.11,155.54,150.662,154.64,54479064.0,153.5937,2025-03-31 04:00:00+00:00,605376,196.5645
GOOGL,287.915,288.8,278.2,284.28,49134082.0,284.794,2025-11-18 05:00:00+00:00,968269,202.5405
GOOGL,156.54,157.72,149.93,152.82,47976972.0,153.7689,2025-04-10 04:00:00+00:00,827964,201.5365
GOOGL,254.74,254.88,244.15,250.46,47312098.0,249.7638,2025-10-21 04:00:00+00:00,910235,205.608
GOOGL,191.05,191.18,183.24,185.34,49314955.0,186.0568,2025-02-07 05:00:00+00:00,720916,205.246
GOOGL,160.49,161.82,153.63,154.33,48669335.0,155.934,2025-03-28 04:00:00+00:00,707306,200.981
GOOGL,159.96,167.0,159.61,165.37,48755869.0,164.2079,2025-05-14 04:00:00+00:00,774355,196.9615
GOOGL,182.845,186.36,181.05,185.17,54763022.0,183.9709,2024-12-10 05:00:00+00:00,768707,197.142
GOOGL,185.78,192.89,185.22,191.41,63312934.0,190.4896,2024-12-20 05:00:00+00:00,424229,195.0105
GOOGL,167.49,168.475,165.28,166.18,45084903.0,166.8475,2025-06-03 04:00:00+00:00,611815,190.69299999999998
GOOGL,285.775,293.95,283.57,285.02,52670031.0,287.8841,2025-11-17 05:00:00+00:00,1081319,195.34599999999998
GOOGL,165.07,166.1,161.04,161.96,56028995.0,163.0341,2025-04-25 04:00:00+00:00,691976,195.504
GOOGL,253.25,256.0,251.81,254.72,55571424.0,254.2857,2025-09-19 04:00:00+00:00,491026,199.622
GOOGL,155.0,155.93,152.9,154.28,57498692.0,154.373,2025-05-08 04:00:00+00:00,787371,192.7705
GOOGL,191.5,192.53,189.18,190.23,58681948.0,190.4552,2025-07-23 04:00:00+00:00,827827,192.791
GOOGL,244.66,252.4099,244.66,251.61,58383796.0,249.7081,2025-09-15 04:00:00+00:00,944502,196.56
GOOGL,176.2,181.105,174.91,178.6,61766121.0,178.7223,2025-06-10 04:00:00+00:00,747275,196.6925
GOOGL,173.9,174.13,163.7,167.63,59734379.0,166.7868,2024-11-21 05:00:00+00:00,832139,195.309
GOOGL,185.31,195.61,184.85,195.4,67894071.0,192.4492,2024-12-11 05:00:00+00:00,821975,196.551
GOOGL,148.01,151.07,145.38,145.6,62259539.0,147.704,2025-04-04 04:00:00+00:00,977482,193.7525
GOOGL,163.69,173.14,163.56,168.56,73415956.0,169.7933,2025-05-21 04:00:00+00:00,964766,194.4485
GOOGL,141.55,152.85,140.53,146.75,76790131.0,145.9068,2025-04-07 04:00:00+00:00,1272147,187.572
GOOGL,191.625,193.03,188.38,188.51,32265241.0,189.9432,2024-12-19 05:00:00+00:00,417946,189.35649999999998
GOOGL,166.27,167.34,162.0,165.19,57670985.0,164.54,2025-06-23 04:00:00+00:00,848048,185.093
GOOGL,166.24,173.2946,165.8,170.92,45387922.0,169.7378,2025-03-04 05:00:00+00:00,628833,184.372
GOOGL,283.205,283.78,275.19,278.83,34479588.0,278.2873,2025-11-07 05:00:00+00:00,767497,190.597
GOOGL,232.2,235.76,231.9,235.0,46588925.0,234.0358,2025-09-05 04:00:00+00:00,689184,194.0785
GOOGL,201.5,204.44,201.225,202.94,25230427.0,203.0819,2025-08-14 04:00:00+00:00,390790,194.96699999999998
GOOGL,192.57,196.29,192.38,193.95,24864766.0,194.3292,2025-01-08 05:00:00+00:00,339162,195.094
GOOGL,151.22,152.24,143.03,144.7,52200207.0,147.6967,2025-04-08 04:00:00+00:00,875793,194.02
GOOGL,198.1,200.9,198.0,200.21,23877521.0,199.7579,2025-01-24 05:00:00+00:00,293405,189.7795
GOOGL,152.9,157.67,152.82,157.14,33636239.0,156.1732,2025-04-11 04:00:00+00:00,542050,189.5385
GOOGL,182.81,184.22,181.6,182.0,33448251.0,182.8914,2025-07-15 04:00:00+00:00,502853,185.90249999999997
GOOGL,185.4,186.42,183.71,185.06,34014509.0,185.0444,2025-07-18 04:00:00+00:00,475754,187.4415
GOOGL,271.405,278.56,270.7,276.41,31646923.0,276.5637,2025-11-14 05:00:00+00:00,741635,191.75050000000002
GOOGL,191.495,191.645,187.46,191.34,44660215.0,190.3576,2025-07-22 04:00:00+00:00,592950,188.737
GOOGL,173.96,176.26,173.65,175.37,25381231.0,175.2254,2024-12-09 05:00:00+00:00,315847,188.57549999999998
GOOGL,164.63,165.42,162.0,162.24,24508273.0,163.2675,2025-03-27 04:00:00+00:00,371299,188.30599999999998
GOOGL,169.055,169.96,167.89,168.47,35211439.0,169.0343,2025-05-23 04:00:00+00:00,541621,186.9595
GOOGL,198.0,201.4,197.67,200.87,24354684.0,200.1611,2025-01-30 05:00:00+00:00,336195,189.723
GOOGL,254.37,256.36,249.29,251.69,35029370.0,252.7106,2025-10-22 04:00:00+00:00,675569,193.8795
GOOGL,264.815,270.14,264.28,269.27,35235031.0,267.3701,2025-10-27 04:00:00+00:00,695870,200.00549999999998
GOOGL,164.91,166.75,161.37,164.04,39403414.0,164.3508,2025-03-11 04:00:00+00:00,510576,198.782
GOOGL,210.51,214.645,210.2,212.91,39728364.0,212.4958,2025-08-29 04:00:00+00:00,473091,201.168
GOOGL,168.68,170.61,166.77,170.28,48130565.0,169.1627,2025-02-28 05:00:00+00:00,478174,201.136
GOOGL,171.35,172.205,167.44,171.74,52639911.0,170.7986,2025-05-30 04:00:00+00:00,515566,195.7815
GOOGL,192.87,199.0,192.62,196.66,44934901.0,196.6063,2024-12-16 05:00:00+00:00,490169,193.8645
GOOGL,195.71,195.99,191.09,191.9,51329163.0,192.5824,2025-07-31 04:00:00+00:00,688809,193.3125
GOOGL,229.65,232.37,226.11,232.3,51684167.0,229.7373,2025-09-04 04:00:00+00:00,648878,195.23000000000002
GOOGL,156.15,159.59,155.79,159.28,45883451.0,,2025-04-24 04:00:00+00:00,589963,195.959
GOOGL,186.25,190.285,186.15,190.1,45803129.0,189.1748,2025-07-21 04:00:00+00:00,608298,195.4535
GOOGL,151.11,152.7799,150.39,150.72,46801371.0,151.3869,2025-04-03 04:00:00+00:00,718964,195.1325
GOOGL,166.43,168.5,162.9,163.98,46607656.0,165.434,2025-05-20 04:00:00+00:00,696225,194.2315
GOOGL,208.44,211.675,206.195,211.35,47523037.0,,2025-09-02 04:00:00+00:00,681648,195.546
GOOGL,155.15,158.4052,154.7,157.04,25041730.0,156.5778,2025-04-02 04:00:00+00:00,373451,189.57750000000001
GOOGL,240.21,244.5,239.71,244.15,24995028.0,242.4936,2025-10-13 04:00:00+00:00,587324,192.21800000000002
GOOGL,190.65,192.0,187.5,189.43,20370828.0,189.585,2025-01-02 05:00:00+00:00,328515,192.921
GOOGL,173.72,178.87,173.56,178.12,23118925.0,177.0133,2024-11-19 05:00:00+00:00,315069,193.715
GOOGL,194.95,195.32,190.65,192.76,18891362.0,192.4079,2024-12-27 05:00:00+00:00,284116,194.92950000000002
GOOGL,241.23,247.12,240.51,245.45,22111572.0,244.7325,2025-10-14 04:00:00+00:00,562229,197.15849999999998
GOOGL,196.53,197.23,193.75,196.0,27735089.0,195.9514,2025-01-17 05:00:00+00:00,277088,194.37399999999997
GOOGL,200.69,203.75,200.1,201.23,27838348.0,201.8328,2025-02-03 05:00:00+00:00,404557,190.972
GOOGL,291.675,292.005,283.69,286.71,24829734.0,286.6524,2025-11-12 05:00:00+00:00,573860,197.10549999999998
GOOGL,190.07,191.18,187.36,191.01,21823682.0,190.091,2025-01-13 05:00:00+00:00,299677,196.0105
GOOGL,183.22,185.11,181.83,183.61,22072559.0,183.5563,2025-02-12 05:00:00+00:00,330693,196.677
GOOGL,282.175,285.53,279.8,283.72,29785996.0,282.8548,2025-11-03 05:00:00+00:00,657172,202.276
GOOGL,276.75,281.27,276.26,277.54,30078369.0,278.0549,2025-11-04 05:00:00+00:00,669411,206.32000000000002
GOOGL,284.42,290.8,282.855,290.1,29557309.0,288.3176,2025-11-10 05:00:00+00:00,670001,211.23000000000002
GOOGL,193.98,198.2222,193.85,196.87,29563638.0,196.6983,2025-01-06 05:00:00+00:00,385128,209.45850000000002
GOOGL,199.07,202.29,197.87,198.05,29956792.0,198.9275,2025-01-21 05:00:00+00:00,440059,211.39700000000002
GOOGL,167.63,169.82,167.58,169.12,20486720.0,168.9513,2024-11-26 05:00:00+00:00,268773,210.348
GOOGL,185.6,185.96,181.7401,183.77,29916675.0,183.6997,2025-02-18 05:00:00+00:00,445505,212.00050000000002
GOOGL,174.0,174.4193,170.63,171.86,29373803.0,172.1026,2025-05-29 04:00:00+00:00,430878,212.39450000000002
GOOGL,175.63,178.429,174.38,177.62,29252386.0,176.6927,2025-07-10 04:00:00+00:00,491595,210.708
GOOGL,206.43,210.52,205.28,208.49,29928878.0,208.673,2025-08-25 04:00:00+00:00,493298,213.28050000000002
GOOGL,172.44,177.13,172.385,174.67,27663107.0,175.157,2025-06-13 04:00:00+00:00,428532,209.8065
GOOGL,189.5,192.1,188.72,191.6,29206242.0,190.8167,2025-02-06 05:00:00+00:00,425108,209.91500000000002
GOOGL,175.54,178.86,175.07,178.64,29128947.0,177.6321,2025-07-02 04:00:00+00:00,417766,209.94100000000003
GOOGL,245.15,246.81,242.3,245.69,25483298.0,244.7325,2025-10-02 04:00:00+00:00,535294,212.5875
GOOGL,185.055,186.4,184.32,185.23,20448437.0,185.242,2025-02-14 05:00:00+00:00,314620,209.57650000000004
GOOGL,184.8,185.31,182.72,184.56,20441462.0,184.2004,2025-02-20 05:00:00+00:00,305782,209.0045
GOOGL,191.075,191.96,188.51,189.3,17466919.0,189.9262,2024-12-31 05:00:00+00:00,239949,208.408
GOOGL,282.34,282.84,277.24,278.57,29494038.0,279.5001,2025-11-13 05:00:00+00:00,687701,208.00100000000003
GOOGL,159.125,159.65,155.21,156.31,27551534.0,156.8253,2025-04-15 04:00:00+00:00,397094,206.266
GOOGL,181.99,183.12,178.885,179.25,29810206.0,180.3627,2025-02-24 05:00:00+00:00,398795,206.048
GOOGL,170.34,170.93,167.59,168.21,36444564.0,169.1949,2025-06-05 04:00:00+00:00,488304,200.2725
GOOGL,269.69,270.73,266.5,267.47,29738554.0,267.8078,2025-10-28 04:00:00+00:00,605889,199.769
GOOGL,283.21,286.0,277.03,281.19,39267645.0,280.7015,2025-10-31 04:00:00+00:00,863530,199.32350000000002
GOOGL,195.15,196.748,194.375,195.6,12057210.0,195.8087,2024-12-26 05:00:00+00:00,196317,199.26
GOOGL,189.8,192.55,189.12,191.24,14264659.0,191.1967,2024-12-30 05:00:00+00:00,255690,198.91950000000003
GOOGL,194.84,196.11,193.78,196.11,10403259.0,195.5292,2024-12-24 05:00:00+00:00,155818,200.269
GOOGL,168.5,169.43,167.16,168.95,14257244.0,168.6929,2024-11-29 05:00:00+00:00,184272,199.528
GOOGL,172.03,175.08,171.86,174.71,21421863.0,174.3966,2024-12-06 05:00:00+00:00,265161,199.6705
GOOGL,162.17,164.8,161.19,163.23,21277210.0,163.3455,2025-05-06 04:00:00+00:00,263734,198.951
GOOGL,176.18,176.72,174.745,175.7,20941873.0,175.8939,2025-06-12 04:00:00+00:00,320822,197.3115
GOOGL,184.32,186.28,183.14,186.14,21402523.0,184.8211,2025-02-13 05:00:00+00:00,289687,197.885
GOOGL,194.5,196.63,193.67,196.09,21562908.0,195.5525,2025-08-06 04:00:00+00:00,342929,198.1095
GOOGL,244.96,246.005,243.82,244.62,21307104.0,244.7905,2025-10-08 04:00:00+00:00,416121,201.4085
GOOGL,191.37,193.21,189.975,191.79,18596159.0,191.744,2025-01-03 05:00:00+00:00,261756,198.7135
GOOGL,175.36,176.06,172.33,172.64,21356243.0,173.5498,2024-12-05 05:00:00+00:00,279424,198.084
GOOGL,185.03,186.94,184.28,185.32,21221645.0,185.2869,2025-02-11 05:00:00+00:00,289643,198.122
GOOGL,163.0,165.39,162.72,164.21,21341814.0,164.5223,2025-05-05 04:00:00+00:00,284195,196.8675
GOOGL,161.205,164.24,160.8901,163.99,36625764.0,163.0132,2025-03-21 04:00:00+00:00,295271,191.13849999999996
GOOGL,195.555,196.785,193.43,195.41,18217764.0,195.138,2025-01-29 05:00:00+00:00,276384,193.0935
GOOGL,204.2,205.265,202.49,203.5,18526594.0,203.5749,2025-08-18 04:00:00+00:00,305584,194.30599999999998
GOOGL,193.09,196.36,191.86,195.55,21775969.0,194.8156,2025-01-15 05:00:00+00:00,270843,195.67299999999997
GOOGL,247.065,249.42,245.97,246.54,18503194.0,246.9564,2025-09-26 04:00:00+00:00,377156,194.6265
GOOGL,175.07,176.08,171.5807,172.73,35431268.0,173.5963,2025-02-26 05:00:00+00:00,497010,189.2035
GOOGL,170.83,174.5,170.83,173.68,35731832.0,173.0685,2025-06-06 04:00:00+00:00,514822,188.10750000000002
GOOGL,167.63,172.36,167.55,170.68,35478989.0,170.4568,2025-06-25 04:00:00+00:00,519499,187.0795
GOOGL,175.735,176.09,173.53,175.84,35904526.0,175.197,2025-07-01 04:00:00+00:00,535361,186.066
GOOGL,194.14,195.48,192.81,192.91,17515432.0,193.7991,2025-01-16 05:00:00+00:00,243138,187.26399999999998
GOOGL,177.34,177.675,173.78,175.98,18997111.0,175.485,2024-11-20 05:00:00+00:00,250271,187.3275
GOOGL,178.5,179.67,177.05,179.53,21689057.0,178.7637,2025-07-03 04:00:00+00:00,311851,188.14249999999998
GOOGL,250.76,254.22,247.81,253.3,29671629.0,251.9051,2025-10-17 04:00:00+00:00,602184,192.02249999999998
GOOGL,191.24,191.98,188.3082,189.66,17174854.0,190.0464,2025-01-14 05:00:00+00:00,236897,192.19850000000002
GOOGL,190.29,195.27,190.12,195.04,31547350.0,193.9353,2025-08-04 04:00:00+00:00,491447,192.14600000000002
GOOGL,162.425,163.15,158.6,160.61,29745782.0,160.397,2025-04-28 04:00:00+00:00,423036,187.94549999999998
GOOGL,256.58,261.68,255.315,259.92,28655026.0,259.8423,2025-10-24 04:00:00+00:00,589417,191.352
GOOGL,179.06,179.297,175.68,176.79,34175648.0,176.9674,2025-07-07 04:00:00+00:00,526644,191.5595
GOOGL,176.785,181.43,176.48,180.19,34282922.0,179.5356,2025-07-11 04:00:00+00:00,496038,191.303
GOOGL,170.52,173.78,169.06,173.02,30954922.0,171.8896,2025-03-05 05:00:00+00:00,403758,191.74349999999998
GOOGL,167.065,168.32,165.14,167.68,30879129.0,167.3131,2025-03-24 04:00:00+00:00,341183,191.92800000000003
GOOGL,171.49,172.68,170.85,171.34,22248705.0,171.422,2024-12-03 05:00:00+00:00,240842,190.72449999999998
GOOGL,160.45,161.95,158.91,161.3,30203248.0,160.9748,2025-05-01 04:00:00+00:00,404711,188.6145
GOOGL,205.7,208.91,205.65,207.48,23022850.0,207.5555,2025-08-27 04:00:00+00:00,367895,189.211
GOOGL,171.145,174.91,171.06,174.37,31615137.0,173.6317,2024-12-04 05:00:00+00:00,302782,185.60250000000002
GOOGL,166.035,166.13,162.11,162.76,31756214.0,163.5674,2025-03-13 04:00:00+00:00,394099,185.104
GOOGL,165.03,166.3,163.67,164.29,31184335.0,164.7091,2025-03-17 04:00:00+00:00,370001,184.6345
GOOGL,155.61,157.525,153.81,155.35,31128823.0,155.7075,2025-04-23 04:00:00+00:00,453649,183.868
GOOGL,200.73,201.28,196.595,199.32,28955498.0,198.9999,2025-08-20 04:00:00+00:00,458841,185.042
GOOGL,194.71,197.8599,193.885,194.67,31602340.0,195.4151,2025-08-05 04:00:00+00:00,425088,185.13
GOOGL,251.68,253.99,249.8,252.03,31239474.0,251.6787,2025-09-18 04:00:00+00:00,505525,188.9325
GOOGL,252.98,255.04,251.85,253.08,19901325.0,253.4877,2025-10-23 04:00:00+00:00,401965,192.60999999999999
GOOGL,199.745,202.48,199.43,199.75,19774633.0,200.1993,2025-08-21 04:00:00+00:00,305073,189.9325
GOOGL,244.47,244.76,239.15,241.53,27892086.0,241.3511,2025-10-09 04:00:00+00:00,646752,192.526
GOOGL,251.765,256.96,250.101,251.46,27997159.0,253.1036,2025-10-16 04:00:00+00:00,678307,195.347
GOOGL,197.11,201.0,194.6,195.49,26487244.0,196.9118,2025-01-07 05:00:00+00:00,363663,197.091
GOOGL,194.295,196.52,190.31,192.04,26665206.0,192.7975,2025-01-10 05:00:00+00:00,379247,193.697
GOOGL,199.06,200.48,197.53,198.37,26200605.0,198.8199,2025-01-22 05:00:00+00:00,343059,194.776
GOOGL,148.88,148.945,146.1,147.67,26049115.0,147.3528,2025-04-21 04:00:00+00:00,394878,193.15
GOOGL,197.06,197.54,194.33,196.52,26321811.0,196.1785,2025-08-07 04:00:00+00:00,387454,194.325
GOOGL,247.85,251.1486,242.77,244.05,32505777.0,246.1596,2025-09-29 04:00:00+00:00,579955,198.1435
GOOGL,184.07,185.46,183.59,185.27,19549396.0,184.7411,2025-02-19 05:00:00+00:00,275318,198.84
GOOGL,241.43,244.09,235.84,236.57,33180323.0,238.7814,2025-10-10 04:00:00+00:00,826805,202.6035
GOOGL,244.4,246.49,240.74,245.79,31020383.0,244.6222,2025-09-25 04:00:00+00:00,583310,204.519
GOOGL,285.33,288.35,281.14,284.75,37173648.0,285.0157,2025-11-06 05:00:00+00:00,758334,210.038
GOOGL,207.51,207.85,205.7,207.14,28464130.0,206.8936,2025-08-26 04:00:00+00:00,365943,212.25699999999998
GOOGL,179.77,180.37,176.75,177.35,31646757.0,178.178,2025-06-11 04:00:00+00:00,412336,212.91
GOOGL,170.53,174.81,170.5,172.35,28301953.0,172.5684,2025-03-06 05:00:00+00:00,396440,213.76000000000005
GOOGL,166.58,167.6399,163.53,167.11,28255496.0,166.1104,2025-03-12 04:00:00+00:00,408248,212.1495
GOOGL,171.925,173.37,165.93,167.01,40770451.0,168.4287,2025-03-03 05:00:00+00:00,492112,210.7665
GOOGL,185.15,185.34,179.08,179.66,34699239.0,180.9782,2025-02-21 05:00:00+00:00,502342,207.148
GOOGL,169.0,169.4832,168.02,169.23,19266511.0,169.1236,2024-11-27 05:00:00+00:00,204928,202.9555
GOOGL,153.62,158.1,153.62,157.07,30663899.0,156.5491,2025-04-01 04:00:00+00:00,465738,200.8215
GOOGL,159.995,161.72,157.56,159.07,30332957.0,159.5837,2025-04-14 04:00:00+00:00,448552,196.6985
GOOGL,164.51,166.64,164.22,166.54,30426097.0,165.494,2025-05-19 04:00:00+00:00,445544,192.4525
GOOGL,201.365,204.5,200.59,203.34,30424452.0,203.0087,2025-08-12 04:00:00+00:00,472321,192.845
GOOGL,166.92,168.22,166.13,166.77,40524312.0,167.1511,2025-06-24 04:00:00+00:00,545799,191.5815
GOOGL,177.85,177.95,172.81,174.36,40442535.0,174.5833,2025-07-08 04:00:00+00:00,575944,190.38100000000003
GOOGL,244.49,246.3,241.655,245.35,30249559.0,244.2928,2025-10-03 04:00:00+00:00,660367,195.26500000000001
GOOGL,278.87,286.415,277.34,284.31,31010102.0,283.2471,2025-11-05 05:00:00+00:00,682673,199.6545
GOOGL,171.26,174.97,170.27,173.86,27385813.0,172.8892,2025-03-07 05:00:00+00:00,391515,196.145
GOOGL,239.88,242.25,236.25,240.37,30599328.0,239.7085,2025-09-11 04:00:00+00:00,457752,198.9
GOOGL,187.35,188.2,185.86,186.47,23105649.0,186.7638,2025-02-10 05:00:00+00:00,338937,196.39499999999998
GOOGL,153.1,155.89,151.51,153.33,28183971.0,153.5576,2025-04-16 04:00:00+00:00,410386,191.772
GOOGL,174.73,176.94,174.65,176.77,27389208.0,175.9097,2025-06-16 04:00:00+00:00,380562,186.373
GOOGL,176.01,176.56,173.2,173.32,28707524.0,174.8501,2025-06-18 04:00:00+00:00,416868,184.682
GOOGL,174.54,176.47,174.37,176.09,28935906.0,175.7177,2025-06-09 04:00:00+00:00,414305,184.619
GOOGL,169.0,169.61,164.84,165.06,28939326.0,166.5925,2025-03-26 04:00:00+00:00,397728,184.2545
GOOGL,204.13,204.53,197.5101,201.96,28342922.0,202.0546,2025-08-13 04:00:00+00:00,471337,185.997
GOOGL,251.66,252.3501,246.44,247.14,28201003.0,248.3166,2025-09-24 04:00:00+00:00,512324,190.0035
GOOGL,173.99,174.56,167.94,168.5,39991015.0,170.1052,2025-02-27 05:00:00+00:00,521290,189.44549999999998
GOOGL,161.57,164.89,160.96,162.8,28124064.0,162.9169,2025-03-20 04:00:00+00:00,344964,189.124
GOOGL,244.78,251.32,244.58,250.43,28894653.0,248.3248,2025-10-06 04:00:00+00:00,614987,193.792
GOOGL,247.245,252.11,245.99,251.03,27007690.0,249.8397,2025-10-15 04:00:00+00:00,564500,198.39000000000001
GOOGL,191.98,194.33,191.26,193.18,39785863.0,193.1901,2025-07-25 04:00:00+00:00,520013,199.722
TSLA,352.38,360.0,351.1501,357.09,77986478.0,355.6961,2024-12-02 05:00:00+00:00,1117599,213.96301248192896
TSLA,338.14,342.3973,324.7,330.53,76012371.0,333.6454,2025-02-24 05:00:00+00:00,1245959,148.95525309446091
TSLA,423.79,427.93,402.54,403.84,76821539.0,412.925,2024-12-31 05:00:00+00:00,1214552,141.06767693182255
TSLA,465.16,465.3299,451.02,454.13,76651210.0,457.0321,2024-12-26 05:00:00+00:00,1251616,268.4305570597596
TSLA,329.22,331.37,314.6,323.9,77481768.0,321.4163,2025-08-20 04:00:00+00:00,1123164,211.53637040249288
TSLA,243.47,244.34,237.6833,241.37,82408675.0,241.0136,2025-04-17 04:00:00+00:00,910580,218.17728239382578
TSLA,273.105,277.73,271.35,275.35,76715792.0,274.5306,2025-05-06 04:00:00+00:00,1008547,130.80843144980287
TSLA,231.61,241.41,229.201,235.86,111980553.0,234.4125,2025-03-19 04:00:00+00:00,1335699,361.7000519912395
TSLA,307.89,320.47,306.9345,319.91,78523579.0,317.2071,2025-08-06 04:00:00+00:00,1049304,207.22592999691065
TSLA,351.94,355.39,349.156,349.6,65519012.0,351.4029,2025-08-27 04:00:00+00:00,954967,151.8377856974662
TSLA,249.91,258.75,247.54,254.11,79498817.0,254.0931,2025-04-15 04:00:00+00:00,970815,292.6208407256278
TSLA,344.93,351.9,343.72,351.67,76651550.0,347.6755,2025-08-26 04:00:00+00:00,996119,120.10868705348362
TSLA,319.9,325.5799,316.6,317.66,76695081.0,319.5323,2025-06-30 04:00:00+00:00,1209126,270.261309302855
TSLA,347.23,348.7499,331.7,333.87,81145660.0,337.0308,2025-08-29 04:00:00+00:00,1143569,173.4600404132823
TSLA,317.73,322.5986,312.67,316.9,78043430.0,315.8863,2025-07-14 04:00:00+00:00,1125530,105.32106531414263
TSLA,319.675,321.2,310.5,310.78,77556346.0,314.6666,2025-07-15 04:00:00+00:00,1102104,156.72218437262146
TSLA,329.74,335.4098,321.55,332.11,77370371.0,330.4845,2025-07-22 04:00:00+00:00,1070115,205.2898034723661
TSLA,251.84,257.74,241.3629,252.31,128628085.0,248.6744,2025-04-11 04:00:00+00:00,1584323,76.51496417767889
TSLA,442.15,442.329,426.56,430.6,58513097.0,431.9081,2025-11-12 05:00:00+00:00,1352673,230.6504592181515
TSLA,359.87,375.43,359.5,369.49,81206169.0,369.9035,2024-12-05 05:00:00+00:00,1212219,328.054
TSLA,377.42,389.49,370.8,389.22,81453434.0,378.9319,2024-12-06 05:00:00+00:00,1145512,329.6605
TSLA,409.9,429.8,405.661,428.22,81367740.0,419.1477,2025-01-15 05:00:00+00:00,1270360,334.545
TSLA,401.53,419.99,401.34,404.6,83568219.0,411.3047,2025-01-31 05:00:00+00:00,1221590,334.58299999999997
TSLA,343.5,348.02,333.33,342.69,81873829.0,339.5679,2025-06-02 04:00:00+00:00,1275945,329.011
TSLA,331.29,332.05,326.41,329.13,83925858.0,329.4418,2025-06-16 04:00:00+00:00,1124313,329.27250000000004
TSLA,322.18,324.4499,311.6164,319.04,83931942.0,318.412,2025-07-30 04:00:00+00:00,1088685,333.15600000000006
TSLA,321.66,340.25,319.69,340.01,94016347.0,335.1247,2025-08-22 04:00:00+00:00,1266653,336.389
TSLA,307.89,314.09,305.65,313.51,79236442.0,310.4271,2025-07-11 04:00:00+00:00,1044742,340.2715
TSLA,416.81,428.0,414.59,415.11,60954842.0,419.6729,2025-01-22 05:00:00+00:00,997853,345.03150000000005
TSLA,394.8,406.69,389.0,397.15,58125210.0,397.4668,2025-01-27 05:00:00+00:00,1169770,347.409
TSLA,350.55,356.33,346.07,347.79,72121679.0,351.5857,2025-09-10 04:00:00+00:00,1031117,352.093
TSLA,391.4,399.28,377.29,394.74,62276533.0,392.5441,2025-01-10 05:00:00+00:00,1013455,354.2465
TSLA,336.08,345.45,334.6501,345.16,37167621.0,340.3904,2024-11-29 05:00:00+00:00,519477,355.62149999999997
TSLA,361.51,362.3,348.0,354.4,45965354.0,353.6286,2025-02-20 05:00:00+00:00,778485,356.648
TSLA,443.8,462.29,440.75,459.46,98122285.0,455.0575,2025-10-01 04:00:00+00:00,1781994,363.776
TSLA,443.865,449.8,440.61,447.43,63650560.0,445.1347,2025-10-20 04:00:00+00:00,1362507,370.6085
TSLA,445.755,449.3,442.05,442.6,54412169.0,445.4978,2025-10-21 04:00:00+00:00,1166232,376.133
TSLA,353.0,358.1,348.6,357.93,50810874.0,353.3553,2024-12-04 05:00:00+00:00,706523,381.41400000000004
TSLA,416.06,420.73,408.95,412.38,50643592.0,412.9496,2025-01-23 05:00:00+00:00,858453,380.50300000000004
TSLA,355.01,359.1,350.02,354.11,51607522.0,354.7267,2025-02-18 05:00:00+00:00,897271,379.73400000000004
TSLA,396.91,400.59,386.5,398.09,48890976.0,393.9259,2025-01-28 05:00:00+00:00,832534,380.1775
TSLA,322.08,324.9,318.68,320.11,55744445.0,321.6611,2025-08-21 04:00:00+00:00,735268,374.772
TSLA,348.44,350.77,343.82,346.97,53815991.0,347.1119,2025-09-09 04:00:00+00:00,754844,371.89050000000003
TSLA,382.63,394.0,381.4,392.21,57072235.0,386.9632,2025-02-04 05:00:00+00:00,901807,374.3665
TSLA,317.99,318.45,312.76,315.35,58041519.0,316.0922,2025-07-03 04:00:00+00:00,839212,373.67749999999995
TSLA,225.305,237.0649,217.02,230.58,174894415.0,229.1895,2025-03-11 04:00:00+00:00,2439848,369.2545
TSLA,414.45,418.88,405.78,406.58,56404149.0,411.7831,2025-01-24 05:00:00+00:00,880011,372.583
TSLA,308.95,312.4499,305.5,308.72,57961278.0,308.5326,2025-08-05 04:00:00+00:00,791172,372.3435
TSLA,387.51,388.39,375.53,378.17,57614721.0,381.3656,2025-02-05 05:00:00+00:00,992349,370.4965
TSLA,326.09,327.26,314.74,316.35,88282669.0,319.8117,2025-06-17 04:00:00+00:00,1298505,366.4565
TSLA,428.865,432.2199,416.56,416.85,90454509.0,424.741,2025-09-18 04:00:00+00:00,1366928,369.90950000000004
TSLA,435.9,462.78,435.14,462.28,59551750.0,451.6202,2024-12-24 05:00:00+00:00,936767,373.28650000000005
TSLA,336.3,343.0,333.37,342.09,88869853.0,339.48,2025-05-19 04:00:00+00:00,1323410,373.13300000000004
TSLA,336.15,338.89,331.48,338.53,60711033.0,335.2549,2025-09-04 04:00:00+00:00,778497,372.3395
TSLA,328.23,333.33,325.6,329.36,58391952.0,329.6721,2025-09-02 04:00:00+00:00,918177,365.8345
TSLA,351.8,355.69,348.2,351.42,58258896.0,351.0855,2024-12-03 05:00:00+00:00,834917,361.034
TSLA,341.8,342.55,326.59,332.89,57896439.0,333.1307,2024-11-27 05:00:00+00:00,878200,355.5485
TSLA,343.81,347.9899,335.28,339.64,58011719.0,341.8335,2024-11-21 05:00:00+00:00,894804,354.63399999999996
TSLA,329.62,336.27,329.59,335.16,56956552.0,333.6406,2025-08-18 04:00:00+00:00,778455,350.773
TSLA,341.0,346.96,335.66,338.23,62295857.0,341.2733,2024-11-26 05:00:00+00:00,900077,349.979
UBER,91.685,93.385,91.52,93.3,16155270.0,92.853,2025-06-30 04:00:00+00:00,153875,254.61743224088164
UBER,94.55,96.32,94.0,94.68,16190072.0,95.196,2025-09-11 04:00:00+00:00,168767,117.79692770706235
UBER,95.51,96.0997,93.71,94.21,15944174.0,94.3681,2025-09-10 04:00:00+00:00,165931,251.4780981383155
UBER,93.11,93.125,90.93,91.98,15960139.0,92.0476,2025-09-04 04:00:00+00:00,163148,266.06248876550234
UBER,71.4,73.3,70.5,72.86,16033066.0,72.2463,2025-03-31 04:00:00+00:00,165245,190.43232740568675
UBER,99.0,101.99,98.5,99.39,29820118.0,100.4759,2025-09-22 04:00:00+00:00,271246,-38.09561476475534
UBER,60.88,62.22,60.76,61.87,16093552.0,61.721,2024-12-23 05:00:00+00:00,132327,201.80247068695428
UBER,67.09,67.87,66.3327,66.85,19805625.0,67.1447,2025-01-31 05:00:00+00:00,137569,127.85148087006775
UBER,67.69,70.19,67.69,69.75,33781289.0,69.576,2025-02-04 05:00:00+00:00,276167,168.86247652848073
UBER,97.66,100.35,96.78,99.72,28836486.0,99.0372,2025-11-03 05:00:00+00:00,280940,249.79583314276317
UBER,97.08,97.21,94.76,96.61,16046354.0,95.8751,2025-10-02 04:00:00+00:00,175486,167.98082661955823
UBER,76.6,76.71,75.05,75.61,16065879.0,75.6565,2025-03-25 04:00:00+00:00,174608,273.84671103557037
UBER,94.11,95.18,92.76,93.57,16004528.0,93.8253,2025-11-12 05:00:00+00:00,177373,231.6338718909086
UBER,77.06,77.74,73.68,74.44,16999495.0,75.4387,2025-03-03 05:00:00+00:00,177534,213.41091100417006
UBER,75.95,77.69,73.71,74.21,22526138.0,75.6331,2025-02-27 05:00:00+00:00,210954,164.0720934867453
UBER,68.51,69.6,68.2,69.13,22289103.0,68.9144,2024-11-19 05:00:00+00:00,164713,250.32356016638138
UBER,69.29,70.33,68.95,69.6,16645051.0,69.5081,2024-11-20 05:00:00+00:00,122417,123.92291132056206
UBER,67.6,68.37,67.24,68.3,15355443.0,68.0121,2025-01-23 05:00:00+00:00,123999,168.87292476913873
UBER,80.35,80.35,78.87,79.42,15405688.0,79.4594,2025-02-14 05:00:00+00:00,136519,233.67318150786556
UBER,75.315,77.22,74.7254,74.96,16504911.0,75.6847,2025-03-06 05:00:00+00:00,169408,81.023
UBER,71.68,72.0,69.36,69.51,15272232.0,70.4492,2025-03-13 04:00:00+00:00,159080,79.8335
UBER,72.6,73.07,70.83,72.99,16889182.0,72.1701,2025-04-01 04:00:00+00:00,168951,78.749
UBER,70.46,72.4,69.33,72.28,16274572.0,71.3009,2025-04-11 04:00:00+00:00,156938,77.6525
UBER,87.59,87.6,85.94,86.58,15364234.0,86.7436,2025-06-11 04:00:00+00:00,149377,77.3825
UBER,87.525,88.84,86.61,87.75,16922440.0,87.9492,2025-07-31 04:00:00+00:00,168860,78.127
UBER,73.85,75.56,73.35,74.44,16599288.0,74.465,2025-04-22 04:00:00+00:00,171238,76.8795
UBER,93.93,95.05,93.21,94.7,23075215.0,94.3952,2025-09-18 04:00:00+00:00,201788,78.521
UBER,90.72,92.74,89.16,92.67,28522247.0,90.9047,2025-08-07 04:00:00+00:00,282246,79.812
UBER,94.88,96.82,94.36,96.53,17163370.0,96.2238,2025-08-26 04:00:00+00:00,119141,81.15099999999998
UBER,63.69,65.22,63.44,64.59,28553825.0,64.4799,2025-01-03 05:00:00+00:00,233345,79.39450000000001
UBER,96.96,101.295,96.89,100.1,22760917.0,99.9084,2025-10-06 04:00:00+00:00,250127,79.56899999999999
UBER,78.565,80.551493,77.47,77.75,20047759.0,78.606,2025-04-25 04:00:00+00:00,199587,79.676
UBER,83.19,84.71,82.99,83.45,20080520.0,83.7451,2025-06-04 04:00:00+00:00,191652,79.16999999999999
UBER,72.6,73.55,71.83,73.42,17446563.0,73.0585,2024-11-25 05:00:00+00:00,142299,79.119
UBER,60.51,61.37,60.12,60.77,17709217.0,60.7488,2024-12-30 05:00:00+00:00,131965,78.447
UBER,89.1699,89.715,87.89,89.0,17446940.0,88.9583,2025-05-27 04:00:00+00:00,179826,79.4405
UBER,91.565,92.89,90.6,90.9,17400840.0,91.3152,2025-06-25 04:00:00+00:00,182392,80.5055
UBER,92.1,92.9234,89.33,90.86,17737011.0,90.7157,2025-11-18 05:00:00+00:00,191741,81.6335
UBER,68.39,68.43,67.5,67.82,18130028.0,68.0362,2025-01-22 05:00:00+00:00,148372,81.0535
UBER,72.56,75.54,72.46,74.35,17846803.0,74.5576,2025-03-20 04:00:00+00:00,166755,81.023
UBER,87.205,88.49,86.7,87.75,17929659.0,87.7209,2025-05-23 04:00:00+00:00,170149,81.93499999999999
UBER,71.4,72.4,70.65,72.16,17263132.0,71.7217,2024-12-04 05:00:00+00:00,157926,81.89349999999999
UBER,99.42,99.7,97.02,97.83,17257932.0,97.995,2025-09-16 04:00:00+00:00,163328,83.17099999999999
UBER,94.44,95.46,91.18,92.52,17214833.0,92.6093,2025-10-16 04:00:00+00:00,196027,83.46799999999999
UBER,92.85,93.24,90.31,92.13,17124009.0,91.7987,2025-07-01 04:00:00+00:00,181860,83.687
UBER,64.5,66.6,63.96,65.97,30728846.0,65.8443,2025-01-10 05:00:00+00:00,245458,83.2635
UBER,90.58,91.65,89.68,90.41,30640123.0,90.4503,2025-05-14 04:00:00+00:00,279540,83.04899999999999
UBER,74.155,78.38,73.86,78.1,22188511.0,77.2049,2025-04-24 04:00:00+00:00,203033,82.32050000000001
UBER,66.16,66.81,64.62,64.84,25735753.0,65.1573,2025-01-14 05:00:00+00:00,163495,80.736
UBER,96.77,97.73,95.41,95.43,17138332.0,96.4527,2025-10-28 04:00:00+00:00,178272,82.27799999999999
UBER,65.5,66.17,65.06,65.74,27602901.0,65.7864,2024-12-09 05:00:00+00:00,190466,80.56
UBER,61.85,62.31,59.98,60.21,27811409.0,60.6849,2024-12-19 05:00:00+00:00,214916,79.683
UBER,78.91,79.2,76.6,76.95,27329560.0,77.5751,2025-02-11 05:00:00+00:00,233286,79.35799999999999
UBER,84.47,85.37,83.6201,83.78,27472093.0,84.0848,2025-06-20 04:00:00+00:00,177841,79.876
UBER,68.8,69.02,67.23,67.34,27139154.0,67.9512,2025-01-17 05:00:00+00:00,182608,80.2045
UBER,71.44,74.25,69.57,70.65,26668190.0,71.2674,2025-03-11 04:00:00+00:00,268310,79.287
UBER,66.01,67.245,66.01,67.02,21604830.0,66.8321,2025-01-15 05:00:00+00:00,151549,78.093
UBER,76.925,77.58,73.23,73.77,22750160.0,74.6361,2025-04-23 04:00:00+00:00,229190,77.2385
UBER,86.32,87.86,86.2,87.12,22780754.0,87.2957,2025-06-09 04:00:00+00:00,229058,78.20349999999999
UBER,71.75,72.87,68.34,70.94,22373898.0,70.7872,2025-04-10 04:00:00+00:00,251962,78.033
UBER,82.09,84.92,81.8,84.28,22374820.0,84.1318,2025-05-02 04:00:00+00:00,225618,77.8595
UBER,74.97,80.1,74.15,79.35,33142366.0,78.3671,2025-02-12 05:00:00+00:00,259327,78.21900000000001
UBER,93.54,97.12,93.54,96.68,29817173.0,96.1399,2025-07-07 04:00:00+00:00,300196,78.1615
UBER,83.4,85.75,83.08,84.67,33343311.0,84.4681,2025-06-05 04:00:00+00:00,294070,77.769
UBER,77.1,78.99,76.8,78.63,42551673.0,78.0409,2025-02-10 05:00:00+00:00,338108,77.094
UBER,90.64,91.04,88.0,88.67,25035133.0,89.2414,2025-05-21 04:00:00+00:00,278831,78.229
UBER,84.615,88.31,82.22,88.1,39104621.0,86.1354,2025-05-12 04:00:00+00:00,367864,78.1135
UBER,70.25,70.87,68.8,69.64,25657713.0,69.8676,2024-11-21 05:00:00+00:00,173592,77.6905
UBER,83.05,86.57,82.97,85.43,25339028.0,85.637,2025-05-05 04:00:00+00:00,259344,78.72
UBER,83.575,83.79,81.86,82.53,25668362.0,82.7118,2025-06-03 04:00:00+00:00,231128,78.075
UBER,65.3,68.85,65.1781,67.29,25290048.0,67.5849,2025-02-03 05:00:00+00:00,206439,78.1525
UBER,96.07,97.45,95.12,96.4,15650890.0,96.403,2025-07-10 04:00:00+00:00,173076,79.962
UBER,91.65,93.9,90.86,92.6,15841814.0,92.7687,2025-08-15 04:00:00+00:00,152106,80.74449999999999
UBER,94.46,97.54,94.29,96.79,15584856.0,96.6538,2025-08-22 04:00:00+00:00,166860,81.395
UBER,71.93,72.03,64.28,65.23,77320417.0,66.5954,2024-12-05 05:00:00+00:00,593804,81.2895
UBER,64.5,64.695,60.23,61.18,71089520.0,61.6657,2024-12-11 05:00:00+00:00,502070,80.816
UBER,63.165,63.54,61.25,61.41,45673208.0,62.2939,2024-12-12 05:00:00+00:00,290051,80.5355
UBER,61.39,63.94,60.85,61.23,46736705.0,62.4332,2024-12-18 05:00:00+00:00,335024,79.9085
UBER,66.5,66.75,63.5,64.48,78975878.0,64.8419,2025-02-05 05:00:00+00:00,598340,78.7765
UBER,65.67,70.05,65.54,69.99,45914742.0,68.39,2025-02-06 05:00:00+00:00,316484,78.729
UBER,70.36,76.775,70.13,74.6,81813184.0,74.6588,2025-02-07 05:00:00+00:00,638263,78.245
UBER,69.31,70.07,63.5,65.07,24045232.0,66.7892,2025-04-08 04:00:00+00:00,247440,77.531
UBER,66.4,66.68,64.12,64.91,24523299.0,65.0243,2025-01-08 05:00:00+00:00,194214,75.94250000000001
UBER,88.29,88.38,85.6,86.39,24494761.0,86.6915,2025-06-10 04:00:00+00:00,209686,76.0285
UBER,65.155,67.195,65.02,65.7,23960107.0,66.0881,2025-01-13 05:00:00+00:00,184594,75.382
UBER,83.13,85.17,80.12,83.65,49263147.0,83.3854,2025-05-07 04:00:00+00:00,425533,75.131
UBER,96.07,97.24,92.12,92.95,44093982.0,93.4319,2025-09-17 04:00:00+00:00,412945,75.37349999999999
UBER,78.65,78.88,74.85,76.42,24368386.0,76.4318,2025-02-24 05:00:00+00:00,240853,75.7125
UBER,72.93,76.68,71.6,75.26,24241234.0,74.3709,2025-03-04 05:00:00+00:00,245552,75.204
UBER,84.53,84.65,82.54,84.16,29050884.0,83.8594,2025-05-30 04:00:00+00:00,220594,75.2855
UBER,97.46,98.45,96.15,96.5,15333424.0,96.9101,2025-10-31 04:00:00+00:00,161963,76.74600000000001
UBER,94.83,94.96,91.44,93.73,15194791.0,93.0123,2025-08-20 04:00:00+00:00,181201,76.6125
UBER,91.3,94.38,90.88,93.12,23657765.0,92.9551,2025-06-26 04:00:00+00:00,237022,76.6385
UBER,86.505,87.055,85.42,86.91,15732456.0,86.5051,2025-08-01 04:00:00+00:00,172882,76.14450000000001
UBER,76.36,76.37,73.53,74.95,19553419.0,74.5923,2025-02-25 05:00:00+00:00,199204,76.63050000000001
UBER,92.22,94.4,91.89,93.98,16471274.0,93.5353,2025-08-18 04:00:00+00:00,159579,78.2705
UBER,99.32,100.26,98.585,99.57,16320890.0,99.6017,2025-09-29 04:00:00+00:00,182856,80.1785
UBER,91.61,93.17,90.2976,91.99,16489115.0,91.5465,2025-11-07 05:00:00+00:00,194627,81.71650000000001
UBER,93.7,94.06,91.35,91.78,16334966.0,92.487,2025-11-13 05:00:00+00:00,179458,83.0815
UBER,95.0,98.83,94.9,98.51,38734980.0,97.8671,2025-09-19 04:00:00+00:00,271719,84.50750000000001
UBER,97.475,99.085,96.57,96.61,16608459.0,97.0527,2025-10-01 04:00:00+00:00,153111,85.60799999999999
UBER,82.85,84.1223,82.32,82.81,19105415.0,82.8758,2025-05-09 04:00:00+00:00,158362,86.495
UBER,60.31,61.3,60.12,60.25,38612401.0,60.4877,2024-12-16 05:00:00+00:00,283560,86.262
UBER,87.58,87.87,82.96,84.3,38152040.0,84.3744,2025-05-29 04:00:00+00:00,380672,86.1575
UBER,66.97,67.35,66.04,66.31,32980652.0,66.5889,2025-01-06 05:00:00+00:00,264477,86.188
UBER,63.42,67.222,63.42,66.59,33246503.0,66.0102,2025-01-30 05:00:00+00:00,255153,85.335
UBER,66.695,67.5594,63.94,64.62,34938669.0,65.3268,2025-04-04 04:00:00+00:00,357460,83.91850000000001
UBER,83.5,86.53,83.1007,85.83,30378857.0,85.5418,2025-05-06 04:00:00+00:00,294678,84.389
UBER,91.205,91.4,89.9,90.5,16903582.0,90.5175,2025-07-17 04:00:00+00:00,174083,85.151
UBER,92.05,92.2,89.91,90.83,16867321.0,90.7774,2025-08-13 04:00:00+00:00,183340,85.4845
UBER,65.67,65.76,64.64,64.96,23672866.0,65.0113,2024-12-10 05:00:00+00:00,176914,83.9075
UBER,71.72,72.436,69.7665,69.85,23290795.0,70.6779,2025-04-03 04:00:00+00:00,251787,82.7135
UBER,91.05,93.61,90.87,90.87,23446209.0,91.9519,2025-07-24 04:00:00+00:00,223577,82.601
UBER,90.95,90.96,86.3,89.22,40169819.0,88.3609,2025-08-06 04:00:00+00:00,409157,82.7165
UBER,96.3,96.45,93.33,93.4,17021108.0,94.3214,2025-10-10 04:00:00+00:00,203084,83.639
UBER,91.31,92.58,90.74,92.11,16917166.0,91.7257,2025-11-17 05:00:00+00:00,185213,83.54549999999999
UBER,83.87,84.0,82.0,82.3,24293149.0,82.8988,2025-05-08 04:00:00+00:00,225820,82.68199999999999
UBER,87.99,92.48,87.91,91.65,38925080.0,91.0126,2025-06-24 04:00:00+00:00,359443,82.66499999999999
UBER,68.33,69.6752,67.1624,68.07,24988456.0,68.4535,2025-01-28 05:00:00+00:00,205649,81.4795
UBER,88.885,89.16,86.36,87.11,24966230.0,87.3296,2025-07-29 04:00:00+00:00,272781,80.90950000000001
UBER,62.52,67.5871,60.63,65.64,32841703.0,64.3863,2025-04-07 04:00:00+00:00,336020,79.361
UBER,92.1,92.51,89.97,91.53,24731168.0,91.1347,2025-06-27 04:00:00+00:00,226108,79.797
UBER,89.81,91.43,88.92,90.58,16668940.0,90.6429,2025-08-11 04:00:00+00:00,183050,81.3135
UBER,67.75,69.58,67.64,68.58,29013144.0,68.7866,2025-01-16 05:00:00+00:00,216838,80.5275
UBER,99.965,100.17,95.83,96.0,13435667.0,97.0982,2025-10-09 04:00:00+00:00,167820,82.012
UBER,92.96,94.31,88.91,89.56,26212493.0,90.8684,2025-08-08 04:00:00+00:00,279633,83.1605
UBER,92.77,93.415,91.421,92.21,11351426.0,92.2835,2025-10-22 04:00:00+00:00,138164,84.53999999999999
UBER,88.45,89.26,87.88,88.0,16495999.0,88.3755,2025-05-22 04:00:00+00:00,178129,84.6485
UBER,61.1856,61.26,60.02,61.13,13483564.0,60.7742,2024-12-27 05:00:00+00:00,127253,83.18
UBER,78.105,78.78,77.04,78.33,13324224.0,78.055,2025-04-28 04:00:00+00:00,125258,82.55499999999999
UBER,92.99,94.31,92.25,94.1,13310157.0,93.4819,2025-11-10 05:00:00+00:00,141582,84.012
UBER,93.65,94.16,92.97,93.6,13276267.0,93.5032,2025-11-11 05:00:00+00:00,133809,85.1995
UBER,94.91,96.66,94.53,96.42,11748269.0,95.8377,2025-10-27 04:00:00+00:00,139457,85.477
UBER,90.49,91.38,89.5,91.29,13864112.0,90.7304,2025-07-25 04:00:00+00:00,134068,85.5805
UBER,97.3,97.87,95.9,97.6,11255801.0,97.3463,2025-09-25 04:00:00+00:00,120730,85.7905
UBER,93.78,95.18,92.46,94.25,11177983.0,94.2456,2025-10-14 04:00:00+00:00,116830,85.89750000000001
UBER,93.0,94.5,92.85,93.7,11274925.0,93.8099,2025-10-20 04:00:00+00:00,129392,86.4675
UBER,95.0,95.2499,93.43,94.08,11031439.0,94.3457,2025-10-13 04:00:00+00:00,125334,86.589
UBER,84.81,85.57,83.375,83.93,18003031.0,84.2895,2025-06-13 04:00:00+00:00,187825,87.382
UBER,95.41,97.62,94.56,96.49,13556603.0,96.5369,2025-10-30 04:00:00+00:00,152516,87.851
UBER,73.49,73.5,71.34,71.56,13704896.0,71.8602,2024-11-26 05:00:00+00:00,122032,88.147
UBER,73.1,74.72,73.1,74.02,13790153.0,73.982,2025-04-15 04:00:00+00:00,143253,87.2715
UBER,89.29,89.88,88.12,88.26,13810322.0,88.8591,2025-05-28 04:00:00+00:00,135739,87.15549999999999
UBER,84.57,85.4798,84.24,84.76,13677826.0,84.8638,2025-06-17 04:00:00+00:00,128913,87.9645
UBER,91.88,94.1,91.55,92.05,13603968.0,92.576,2025-07-02 04:00:00+00:00,162582,87.767
UBER,94.49,96.27,93.71,95.89,13659231.0,95.5476,2025-09-12 04:00:00+00:00,141543,88.0835
UBER,96.95,98.3,96.46,96.6,10556418.0,97.2061,2025-10-03 04:00:00+00:00,132943,88.303
UBER,93.59,94.55,92.97,93.03,10503265.0,93.5724,2025-10-21 04:00:00+00:00,116591,88.5545
UBER,75.33,76.49,75.3101,75.87,10338710.0,75.9409,2025-02-26 05:00:00+00:00,116709,89.2915
UBER,97.795,98.5298,97.03,98.45,10356143.0,97.9999,2025-09-26 04:00:00+00:00,117116,90.2975
UBER,61.0,61.1,60.17,60.32,14487281.0,60.4934,2024-12-31 05:00:00+00:00,124411,88.6085
UBER,73.575,74.8,72.0518,73.06,15990828.0,73.3856,2025-04-16 04:00:00+00:00,164420,87.58149999999999
UBER,95.66,97.5,95.125,95.16,10938118.0,95.9473,2025-08-25 04:00:00+00:00,134218,87.5185
UBER,96.5,96.95,95.33,95.33,11364308.0,95.9639,2025-08-27 04:00:00+00:00,118701,87.72049999999999
UBER,91.48,92.26,89.88,91.79,11561753.0,91.459,2025-07-22 04:00:00+00:00,130279,87.42999999999999
UBER,91.31,92.35,90.24,90.6,11606054.0,90.7998,2025-07-28 04:00:00+00:00,136493,87.2475
UBER,71.93,73.44,71.47,73.07,11574636.0,72.838,2024-12-02 05:00:00+00:00,113023,86.216
UBER,61.86,62.26,59.74,59.93,47025346.0,60.7249,2024-12-13 05:00:00+00:00,334584,84.5085
UBER,90.6,91.08,89.77,90.81,2382272.0,90.3941,2025-11-19 05:00:00+00:00,30327,84.85249999999999
UBER,61.97,61.98,60.88,61.71,7882461.0,61.519,2024-12-24 05:00:00+00:00,73634,83.1135
UBER,71.7,72.44,71.52,71.96,7348658.0,72.0191,2024-11-29 05:00:00+00:00,61807,83.1335
UBER,92.63,94.11,92.61,93.63,8112299.0,93.477,2025-07-03 04:00:00+00:00,95051,84.114
UBER,78.33,79.73,78.03,79.42,12094235.0,79.0435,2025-04-29 04:00:00+00:00,123609,83.672
UBER,70.55,71.7899,70.33,71.55,13537279.0,71.3485,2025-03-14 04:00:00+00:00,147707,83.0115
UBER,90.85,91.93,90.5296,91.16,12150601.0,91.1986,2025-07-21 04:00:00+00:00,136369,82.96700000000001
UBER,74.5,74.92,72.381,72.75,11277874.0,73.1089,2025-03-28 04:00:00+00:00,134737,81.81
UBER,92.26,93.537,91.92,92.81,12883300.0,92.8309,2025-09-02 04:00:00+00:00,144761,81.6205
UBER,73.06,73.25,71.2499,71.27,12760488.0,71.8059,2024-12-03 05:00:00+00:00,107115,80.5325
UBER,61.6,61.97,61.16,61.56,12683898.0,61.5796,2024-12-26 05:00:00+00:00,99609,79.817
UBER,93.62,95.0,92.81,94.23,12864137.0,93.7923,2025-08-21 04:00:00+00:00,116207,79.606
UBER,72.2,72.675,70.4802,71.55,16137507.0,71.5207,2025-03-18 04:00:00+00:00,166350,80.16749999999999
UBER,73.52,73.65,72.23,73.1,12467680.0,73.0708,2025-04-14 04:00:00+00:00,125866,80.1695
UBER,91.19,92.555,91.14,91.73,12530490.0,91.8856,2025-08-12 04:00:00+00:00,148518,79.998
UBER,98.89,99.86,96.93,97.78,12523365.0,97.6756,2025-09-24 04:00:00+00:00,132533,80.1205
UBER,90.06,92.62,89.62,91.62,12475614.0,91.5758,2025-11-14 05:00:00+00:00,150170,80.112
UBER,72.06,72.7,71.01,71.62,12967786.0,71.9334,2024-11-27 05:00:00+00:00,116931,79.163
UBER,75.65,76.94,74.93,76.48,13122294.0,76.0125,2025-03-05 05:00:00+00:00,135096,79.3335
UBER,100.13,100.69,97.0,97.8,12583609.0,98.3926,2025-10-07 04:00:00+00:00,155984,81.227
UBER,84.85,86.02,84.71,85.12,12254177.0,85.4348,2025-06-16 04:00:00+00:00,137243,80.9425
UBER,75.55,75.64,73.225,74.18,11845809.0,74.0603,2025-03-26 04:00:00+00:00,138029,81.566
UBER,73.895,75.62,73.53,74.86,11866807.0,74.8654,2025-03-27 04:00:00+00:00,126455,81.711
UBER,94.5,95.48,92.77,95.45,11850204.0,94.4261,2025-09-09 04:00:00+00:00,140329,81.80199999999999
UBER,96.025,96.11,94.08,95.96,12024311.0,95.441,2025-08-28 04:00:00+00:00,114327,82.62899999999999
UBER,92.75,94.765,92.18,92.94,12052156.0,93.3306,2025-09-03 04:00:00+00:00,144926,83.6985
UBER,95.15,95.26,93.9001,94.07,12014562.0,94.5565,2025-10-24 04:00:00+00:00,130967,83.844
UBER,96.125,96.835,95.27,95.39,12453518.0,95.9295,2025-07-11 04:00:00+00:00,134102,84.976
UBER,81.23,81.84,80.06,81.26,14770273.0,80.9503,2025-02-20 05:00:00+00:00,145096,84.3985
UBER,72.0,75.41,72.0,74.5,14806850.0,74.1615,2025-04-02 04:00:00+00:00,158504,84.56
UBER,90.35,92.32,90.105,91.4,14525102.0,91.4066,2025-08-14 04:00:00+00:00,150609,86.052
UBER,90.88,92.545,90.56,92.46,19252125.0,91.9268,2025-05-19 04:00:00+00:00,171749,85.9635
UBER,74.44,75.44,71.2709,72.92,20634635.0,72.8321,2025-04-21 04:00:00+00:00,210677,86.03200000000001
UBER,96.89,97.6,95.11,97.48,20586820.0,96.7109,2025-07-08 04:00:00+00:00,208959,87.251
UBER,79.12,80.53,78.51,80.29,21754709.0,79.6781,2025-02-13 05:00:00+00:00,184024,86.679
UBER,81.26,82.1,78.36,78.89,21774329.0,79.6522,2025-02-21 05:00:00+00:00,196858,85.7345
UBER,73.98,75.91,73.76,75.24,21893392.0,75.0906,2025-04-17 04:00:00+00:00,194716,84.91550000000001
UBER,90.55,92.9,89.71,91.79,21909595.0,91.7333,2025-05-16 04:00:00+00:00,236103,85.924
UBER,72.02,73.81,71.775,72.73,20577768.0,73.2237,2025-03-17 04:00:00+00:00,206813,85.7365
UBER,89.66,91.1134,89.2424,90.16,20481634.0,89.985,2025-05-15 04:00:00+00:00,202296,85.3545
UBER,74.28,76.11,73.58,76.01,17752015.0,75.3485,2025-02-28 05:00:00+00:00,155954,84.899
UBER,77.77,81.2191,77.3,81.01,17762848.0,79.9635,2025-04-30 04:00:00+00:00,163198,85.24050000000001
UBER,92.65,92.75,89.81,90.75,17646529.0,90.6489,2025-07-16 04:00:00+00:00,216129,86.035
UBER,87.24,87.805,86.475,87.64,16862770.0,87.2857,2025-07-30 04:00:00+00:00,157305,85.6445
UBER,95.8,98.86,95.52,98.85,18652432.0,97.9081,2025-09-15 04:00:00+00:00,199259,85.78900000000002
UBER,62.19,63.39,61.31,63.17,25899072.0,62.664,2025-01-02 05:00:00+00:00,226495,84.3005
UBER,79.85,81.51,79.75,81.49,18943227.0,81.026,2025-02-18 05:00:00+00:00,173528,83.67150000000001
UBER,91.38,94.56,91.38,94.36,18906552.0,93.4977,2025-09-08 04:00:00+00:00,198286,83.62
UBER,74.94,75.49,71.97,73.06,22120094.0,73.1841,2025-03-10 04:00:00+00:00,240980,83.21000000000001
UBER,84.48,84.76,82.64,83.64,17047042.0,83.659,2025-06-02 04:00:00+00:00,177260,83.667
UBER,73.72,76.0,72.77,75.84,26551402.0,75.332,2025-03-21 04:00:00+00:00,156727,82.889
UBER,60.085,61.39,59.7503,60.73,26275147.0,60.6503,2024-12-20 05:00:00+00:00,148682,81.30250000000001
UBER,85.17,86.48,82.31,83.44,25976728.0,83.9689,2025-06-18 04:00:00+00:00,253553,81.82849999999999
UBER,89.37,90.955,89.05,89.39,25855952.0,90.0569,2025-08-05 04:00:00+00:00,265920,81.424
UBER,67.8,68.06,65.82,66.75,29592594.0,66.8273,2025-01-29 05:00:00+00:00,238602,80.747
UBER,72.31,72.42,69.55,71.2,17315032.0,70.8396,2025-03-12 04:00:00+00:00,186915,80.3625
UBER,92.53,92.53,88.84,90.99,20384532.0,90.7259,2025-09-05 04:00:00+00:00,212603,81.15
UBER,85.4,86.69,85.03,85.6,28172652.0,85.6676,2025-06-06 04:00:00+00:00,216267,80.84049999999999
UBER,92.5,95.7,92.4,94.61,17121601.0,94.2698,2025-10-23 04:00:00+00:00,185886,81.9345
UBER,95.01,95.44,92.52,92.75,20150828.0,93.5001,2025-11-05 05:00:00+00:00,241835,82.06400000000001
UBER,95.995,96.15,91.61,93.75,19309971.0,92.9933,2025-08-29 04:00:00+00:00,208199,82.951
UBER,86.11,86.79,84.87,85.62,18776059.0,85.6901,2025-06-12 04:00:00+00:00,146705,83.1815
UBER,76.97,77.5842,75.44,76.51,18126303.0,76.3343,2025-03-24 04:00:00+00:00,172335,82.4695
UBER,96.24,96.89,94.53,95.76,14532902.0,95.8318,2025-10-29 04:00:00+00:00,154453,82.8755
UBER,70.0,71.54,69.35,71.51,14874060.0,70.8979,2024-11-22 05:00:00+00:00,135475,81.5085
UBER,80.79,81.9,79.26,81.16,14973426.0,80.5692,2025-02-19 05:00:00+00:00,155275,82.408
UBER,71.92,73.785,70.73,73.02,15042059.0,72.6099,2025-03-19 04:00:00+00:00,137018,81.9845
UBER,97.5,97.715,96.1,96.64,14858918.0,96.7679,2025-07-09 04:00:00+00:00,155456,82.09849999999999
UBER,87.7,88.59,87.41,88.43,15138877.0,88.1383,2025-08-04 04:00:00+00:00,155873,82.86699999999999
UBER,99.86,100.18,97.645,97.8,15101138.0,98.5053,2025-09-23 04:00:00+00:00,160289,83.575
UBER,97.94,99.61,97.2,99.28,10071238.0,98.8294,2025-10-08 04:00:00+00:00,128263,84.747
UBER,65.0,73.4,64.95,72.68,30148812.0,69.997,2025-04-09 04:00:00+00:00,303184,85.3445
UBER,99.59,99.75,96.65,97.97,16793406.0,97.6039,2025-09-30 04:00:00+00:00,190757,86.071
UBER,68.49,68.84,65.95,66.15,35313776.0,66.8038,2025-01-07 05:00:00+00:00,248792,84.909
UBER,67.64,69.41,67.37,68.77,20904644.0,68.7002,2025-01-27 05:00:00+00:00,196893,85.01
UBER,93.35,93.6,90.61,91.87,20851285.0,92.3319,2025-05-20 04:00:00+00:00,211921,86.0435
UBER,81.0,81.92,80.67,80.89,18698482.0,81.2312,2025-05-01 04:00:00+00:00,194555,85.5385
UBER,68.69,69.31,68.4,68.56,14360349.0,68.731,2025-01-24 05:00:00+00:00,116181,84.6865
UBER,90.8,91.17,89.405,90.59,14223531.0,90.36,2025-07-18 04:00:00+00:00,156654,84.4855
UBER,95.86,96.99,93.79,94.52,14347098.0,94.848,2025-10-15 04:00:00+00:00,136870,84.574
UBER,92.0,92.83,91.46,92.3,14282113.0,92.0941,2025-10-17 04:00:00+00:00,147924,84.5015
UBER,94.0,96.595,93.85,95.32,21177259.0,95.3586,2025-08-19 04:00:00+00:00,204883,84.9865
UBER,59.42,61.04,59.33,61.03,35025487.0,60.3747,2024-12-17 05:00:00+00:00,263317,84.2125
UBER,68.0,68.18,66.85,67.74,21423617.0,67.6251,2025-01-21 05:00:00+00:00,172974,82.8115
UBER,73.99,76.6996,73.78,76.27,18610386.0,75.5458,2025-03-07 05:00:00+00:00,181575,83.0495
UBER,95.0,95.16,91.85,92.21,18488377.0,92.5636,2025-07-15 04:00:00+00:00,214415,83.602
UBER,92.7,92.7,89.865,89.94,18617929.0,90.6618,2025-07-23 04:00:00+00:00,196896,84.44800000000001
UBER,83.03,85.245,82.47,85.24,18407481.0,84.2005,2025-06-23 04:00:00+00:00,175704,83.87800000000001
UBER,92.0,92.77,90.82,92.12,18316239.0,91.9745,2025-11-06 05:00:00+00:00,197011,84.0625
UBER,66.45,67.1,65.2,66.09,36413161.0,66.0398,2024-12-06 05:00:00+00:00,282147,82.477
UBER,87.41,92.17,86.93,91.72,36770807.0,90.5736,2025-05-13 04:00:00+00:00,350379,82.09899999999999
UBER,95.19,95.48,93.56,93.89,14300220.0,94.0812,2025-07-14 04:00:00+00:00,160301,83.15950000000001
UBER,91.97,95.03,90.08,94.67,48787262.0,93.2154,2025-11-04 05:00:00+00:00,555269,82.9945
